/****************************************************************************
** Resource object code
**
** Created by: The Resource Compiler for Qt version 5.15.2
**
** WARNING! All changes made in this file will be lost!
*****************************************************************************/

static const unsigned char qt_resource_data[] = {
  // X:/QmlIVI/src/qml/main.qml
  0x0,0x0,0x2,0x1a,
  0x0,
  0x0,0x7,0xfd,0x78,0x9c,0xd5,0x54,0x4d,0x8b,0xdb,0x30,0x10,0xbd,0x7,0xf2,0x1f,
  0x44,0x7a,0x69,0x4b,0xd7,0xc9,0xba,0x29,0x6c,0x7d,0x2b,0xb,0x5d,0x2,0x9,0x6d,
  0xd8,0xa5,0x3d,0x6b,0xed,0x89,0x2d,0x2a,0x4b,0x46,0x1e,0x67,0x49,0xca,0xfe,0xf7,
  0x8e,0xa4,0x28,0xb6,0xb3,0x4e,0xe8,0x69,0x69,0xe3,0x43,0x34,0x6f,0x9e,0xe7,0xe3,
  0x3d,0x23,0x51,0x56,0xda,0x20,0x5b,0xe3,0xba,0x11,0xe9,0x2f,0x16,0x47,0xd7,0x9f,
  0xc6,0x23,0xd1,0x3,0xa3,0x9f,0x42,0x65,0xfa,0xa9,0x9f,0x9b,0xa4,0x9a,0xe,0xa,
  0x14,0xd6,0x93,0xf1,0x68,0x3c,0x3a,0x70,0x7e,0x8f,0x47,0x8c,0x7e,0x22,0x4b,0x98,
  0xd1,0x1a,0x7d,0xf4,0x24,0x32,0x2c,0x12,0x76,0x1d,0xdf,0xcc,0x3c,0x50,0x80,0xc8,
  0xb,0x4c,0xd8,0x3c,0x0,0x5b,0x51,0x8b,0x47,0x9,0x9,0x43,0xd3,0x80,0x87,0x50,
  0xa0,0x5,0x26,0xeb,0xd5,0x92,0x2d,0x7e,0x2c,0xd8,0x15,0xbb,0x95,0x4d,0x8d,0x60,
  0x26,0x3e,0x9f,0x6a,0xa9,0xd,0xe5,0xdf,0xcc,0xbe,0xd8,0xc7,0xd,0x61,0xf1,0xe9,
  0x94,0x7d,0x37,0xda,0xce,0x28,0xb4,0xe2,0x92,0xd5,0x62,0x2f,0x54,0x4e,0x74,0x55,
  0x23,0xa7,0x69,0x3d,0xcb,0x0,0xcf,0xb4,0x92,0x3b,0x56,0x11,0x17,0xc,0xee,0x2c,
  0x22,0x99,0xe4,0x26,0x87,0x3b,0xde,0xe4,0x70,0x2f,0xf6,0xd4,0x7d,0xc5,0xb1,0x88,
  0x4a,0xa1,0xde,0xda,0x65,0x22,0xb7,0x7,0x7b,0xcf,0x66,0xd1,0xc7,0xf8,0x83,0xdb,
  0x2f,0xf2,0x9b,0x38,0xec,0x26,0x7e,0x77,0xb1,0x76,0x5d,0x72,0x29,0x3b,0xb5,0xfb,
  0xbd,0x5c,0x89,0x79,0x7c,0xb1,0x42,0x6e,0xc9,0x77,0xbc,0xf2,0xda,0x76,0xc6,0x99,
  0xcd,0xc3,0xf6,0xb,0x84,0x32,0x98,0x10,0x8c,0x48,0xbd,0x6e,0x4b,0xbe,0xd3,0xd,
  0xb6,0x29,0xae,0xd2,0x42,0x9b,0x3a,0x4a,0xc9,0x43,0x30,0xb,0x95,0xb0,0x8a,0x1b,
  0x3a,0xb7,0x8c,0x83,0x6f,0x27,0xcd,0x3e,0xc7,0x2d,0x23,0x18,0x79,0xaa,0x85,0xe5,
  0xb4,0xac,0xfb,0xa,0x20,0xd3,0x25,0x50,0x9b,0xee,0x6c,0x61,0xbe,0xda,0xa5,0xfb,
  0x78,0xb7,0x75,0x5f,0xa8,0x3e,0xaf,0x37,0xc0,0x25,0x62,0xd8,0x56,0xc2,0x6,0xc3,
  0xa6,0x11,0x21,0x62,0xaf,0x15,0x72,0x79,0xeb,0x44,0x38,0xff,0xca,0x8a,0x4a,0xb,
  0x92,0xe8,0x6a,0xa0,0x11,0x7d,0x9a,0xe,0xd,0xf6,0xb0,0x29,0x8b,0x87,0x2b,0x6d,
  0xc9,0x4b,0x91,0x86,0x6e,0xc7,0x31,0xfa,0xf0,0xdf,0xbc,0xfa,0x6d,0xb3,0xa9,0x1,
  0xc3,0x38,0x1d,0xe1,0xed,0x97,0xd0,0x7d,0xdd,0x69,0x9b,0xb0,0x2d,0x14,0x22,0x95,
  0x10,0xb9,0xb0,0x65,0x3c,0x77,0x5d,0x7a,0xe0,0xd4,0xe9,0xac,0x49,0x68,0xb3,0xff,
  0x87,0x47,0xff,0xac,0x19,0xa6,0x2a,0x5b,0x2b,0x28,0x38,0x63,0xc4,0xd7,0x6,0xfc,
  0x3d,0x31,0xe4,0xc3,0x86,0x92,0xe7,0x6d,0xe8,0xdf,0x31,0x17,0x6c,0xb8,0x44,0x1c,
  0xb4,0xc1,0x6,0xc3,0xb4,0x47,0x8d,0xa8,0xcb,0x23,0xd1,0x87,0xc3,0xd4,0xd2,0x39,
  0x54,0xbf,0xbc,0xbf,0x4e,0x2c,0xb2,0x4b,0x2e,0x61,0xb,0xb2,0x95,0xeb,0x8,0xf5,
  0x44,0xb,0xc7,0x7,0x28,0xab,0xb3,0x92,0xd1,0x95,0x58,0xbd,0x92,0x64,0xc6,0xf3,
  0xf,0x52,0xb8,0xe8,0xd5,0x44,0x3,0x45,0x34,0xb0,0x4a,0xb4,0xaa,0xb5,0xd8,0xb,
  0xd9,0xe8,0xef,0xf9,0xf,0x8,0x60,0x4a,0x74,
    // X:/QmlIVI/src/qml/components/TempGauge.qml
  0x0,0x0,0x2,0xf6,
  0x69,
  0x6d,0x70,0x6f,0x72,0x74,0x20,0x51,0x74,0x51,0x75,0x69,0x63,0x6b,0x20,0x32,0x2e,
  0x31,0x35,0xd,0xa,0xd,0xa,0x49,0x74,0x65,0x6d,0x20,0x7b,0xd,0xa,0x20,0x20,
  0x20,0x20,0x69,0x64,0x3a,0x20,0x72,0x6f,0x6f,0x74,0xd,0xa,0x20,0x20,0x20,0x20,
  0x77,0x69,0x64,0x74,0x68,0x3a,0x20,0x32,0x30,0x30,0xd,0xa,0x20,0x20,0x20,0x20,
  0x68,0x65,0x69,0x67,0x68,0x74,0x3a,0x20,0x32,0x30,0x30,0xd,0xa,0xd,0xa,0x20,
  0x20,0x20,0x20,0x70,0x72,0x6f,0x70,0x65,0x72,0x74,0x79,0x20,0x64,0x6f,0x75,0x62,
  0x6c,0x65,0x20,0x65,0x6e,0x67,0x69,0x6e,0x65,0x54,0x65,0x6d,0x70,0x3a,0x20,0x39,
  0x30,0xd,0xa,0x20,0x20,0x20,0x20,0x70,0x72,0x6f,0x70,0x65,0x72,0x74,0x79,0x20,
  0x64,0x6f,0x75,0x62,0x6c,0x65,0x20,0x6e,0x65,0x65,0x64,0x6c,0x65,0x41,0x6e,0x67,
  0x6c,0x65,0x3a,0x20,0x2d,0x31,0x32,0x30,0xd,0xa,0xd,0xa,0x20,0x20,0x20,0x20,
  0x6f,0x6e,0x45,0x6e,0x67,0x69,0x6e,0x65,0x54,0x65,0x6d,0x70,0x43,0x68,0x61,0x6e,
  0x67,0x65,0x64,0x3a,0x20,0x75,0x70,0x64,0x61,0x74,0x65,0x4e,0x65,0x65,0x64,0x6c,
  0x65,0x28,0x29,0xd,0xa,0xd,0xa,0x20,0x20,0x20,0x20,0x66,0x75,0x6e,0x63,0x74,
  0x69,0x6f,0x6e,0x20,0x75,0x70,0x64,0x61,0x74,0x65,0x4e,0x65,0x65,0x64,0x6c,0x65,
  0x28,0x29,0x20,0x7b,0xd,0xa,0x20,0x20,0x20,0x20,0x20,0x20,0x20,0x20,0x76,0x61,
  0x72,0x20,0x63,0x6c,0x61,0x6d,0x70,0x65,0x64,0x20,0x3d,0x20,0x4d,0x61,0x74,0x68,
  0x2e,0x6d,0x61,0x78,0x28,0x37,0x30,0x2c,0x20,0x4d,0x61,0x74,0x68,0x2e,0x6d,0x69,
  0x6e,0x28,0x31,0x37,0x30,0x2c,0x20,0x65,0x6e,0x67,0x69,0x6e,0x65,0x54,0x65,0x6d,
  0x70,0x29,0x29,0xd,0xa,0x20,0x20,0x20,0x20,0x20,0x20,0x20,0x20,0x6e,0x65,0x65,
  0x64,0x6c,0x65,0x41,0x6e,0x67,0x6c,0x65,0x20,0x3d,0x20,0x2d,0x31,0x32,0x30,0x20,
  0x2b,0x20,0x28,0x28,0x63,0x6c,0x61,0x6d,0x70,0x65,0x64,0x20,0x2d,0x20,0x37,0x30,
  0x29,0x20,0x2f,0x20,0x31,0x30,0x30,0x2e,0x30,0x29,0x20,0x2a,0x20,0x32,0x34,0x30,
  0xd,0xa,0x20,0x20,0x20,0x20,0x7d,0xd,0xa,0xd,0xa,0x20,0x20,0x20,0x20,0x43,
  0x75,0x73,0x74,0x6f,0x6d,0x49,0x6d,0x61,0x67,0x65,0x20,0x7b,0xd,0xa,0x20,0x20,
  0x20,0x20,0x20,0x20,0x20,0x20,0x61,0x6e,0x63,0x68,0x6f,0x72,0x73,0x2e,0x66,0x69,
  0x6c,0x6c,0x3a,0x20,0x70,0x61,0x72,0x65,0x6e,0x74,0xd,0xa,0x20,0x20,0x20,0x20,
  0x20,0x20,0x20,0x20,0x73,0x6f,0x75,0x72,0x63,0x65,0x3a,0x20,0x22,0x71,0x72,0x63,
  0x3a,0x2f,0x49,0x6d,0x61,0x67,0x65,0x73,0x2f,0x74,0x65,0x6d,0x70,0x2f,0x74,0x65,
  0x6d,0x70,0x5f,0x66,0x61,0x63,0x65,0x2e,0x73,0x76,0x67,0x22,0xd,0xa,0x20,0x20,
  0x20,0x20,0x7d,0xd,0xa,0xd,0xa,0x20,0x20,0x20,0x20,0x43,0x75,0x73,0x74,0x6f,
  0x6d,0x49,0x6d,0x61,0x67,0x65,0x20,0x7b,0xd,0xa,0x20,0x20,0x20,0x20,0x20,0x20,
  0x20,0x20,0x61,0x6e,0x63,0x68,0x6f,0x72,0x73,0x2e,0x66,0x69,0x6c,0x6c,0x3a,0x20,
  0x70,0x61,0x72,0x65,0x6e,0x74,0xd,0xa,0x20,0x20,0x20,0x20,0x20,0x20,0x20,0x20,
  0x73,0x6f,0x75,0x72,0x63,0x65,0x3a,0x20,0x22,0x71,0x72,0x63,0x3a,0x2f,0x49,0x6d,
  0x61,0x67,0x65,0x73,0x2f,0x74,0x65,0x6d,0x70,0x2f,0x74,0x65,0x6d,0x70,0x5f,0x6e,
  0x65,0x65,0x64,0x6c,0x65,0x2e,0x73,0x76,0x67,0x22,0xd,0xa,0x20,0x20,0x20,0x20,
  0x20,0x20,0x20,0x20,0x72,0x6f,0x74,0x61,0x74,0x69,0x6f,0x6e,0x3a,0x20,0x6e,0x65,
  0x65,0x64,0x6c,0x65,0x41,0x6e,0x67,0x6c,0x65,0xd,0xa,0x20,0x20,0x20,0x20,0x20,
  0x20,0x20,0x20,0x74,0x72,0x61,0x6e,0x73,0x66,0x6f,0x72,0x6d,0x4f,0x72,0x69,0x67,
  0x69,0x6e,0x3a,0x20,0x49,0x74,0x65,0x6d,0x2e,0x43,0x65,0x6e,0x74,0x65,0x72,0xd,
  0xa,0x20,0x20,0x20,0x20,0x7d,0xd,0xa,0xd,0xa,0x20,0x20,0x20,0x20,0x43,0x75,
  0x73,0x74,0x6f,0x6d,0x49,0x6d,0x61,0x67,0x65,0x20,0x7b,0xd,0xa,0x20,0x20,0x20,
  0x20,0x20,0x20,0x20,0x20,0x61,0x6e,0x63,0x68,0x6f,0x72,0x73,0x2e,0x66,0x69,0x6c,
  0x6c,0x3a,0x20,0x70,0x61,0x72,0x65,0x6e,0x74,0xd,0xa,0x20,0x20,0x20,0x20,0x20,
  0x20,0x20,0x20,0x73,0x6f,0x75,0x72,0x63,0x65,0x3a,0x20,0x22,0x71,0x72,0x63,0x3a,
  0x2f,0x49,0x6d,0x61,0x67,0x65,0x73,0x2f,0x74,0x65,0x6d,0x70,0x2f,0x74,0x65,0x6d,
  0x70,0x5f,0x63,0x61,0x73,0x65,0x2e,0x73,0x76,0x67,0x22,0xd,0xa,0x20,0x20,0x20,
  0x20,0x7d,0xd,0xa,0x7d,
    // X:/QmlIVI/src/qml/components/CustomImage.qml
  0x0,0x0,0x0,0xcf,
  0x69,
  0x6d,0x70,0x6f,0x72,0x74,0x20,0x51,0x74,0x51,0x75,0x69,0x63,0x6b,0x20,0x32,0x2e,
  0x31,0x35,0xd,0xa,0xd,0xa,0x49,0x6d,0x61,0x67,0x65,0x20,0x7b,0xd,0xa,0x20,
  0x20,0x20,0x20,0x73,0x6f,0x75,0x72,0x63,0x65,0x53,0x69,0x7a,0x65,0x2e,0x77,0x69,
  0x64,0x74,0x68,0x3a,0x20,0x31,0x30,0x32,0x34,0xd,0xa,0x20,0x20,0x20,0x20,0x73,
  0x6f,0x75,0x72,0x63,0x65,0x53,0x69,0x7a,0x65,0x2e,0x68,0x65,0x69,0x67,0x68,0x74,
  0x3a,0x20,0x31,0x30,0x32,0x34,0xd,0xa,0x20,0x20,0x20,0x20,0x66,0x69,0x6c,0x6c,
  0x4d,0x6f,0x64,0x65,0x3a,0x20,0x49,0x6d,0x61,0x67,0x65,0x2e,0x50,0x72,0x65,0x73,
  0x65,0x72,0x76,0x65,0x41,0x73,0x70,0x65,0x63,0x74,0x46,0x69,0x74,0xd,0xa,0x20,
  0x20,0x20,0x20,0x63,0x61,0x63,0x68,0x65,0x3a,0x20,0x66,0x61,0x6c,0x73,0x65,0xd,
  0xa,0x20,0x20,0x20,0x20,0x73,0x6d,0x6f,0x6f,0x74,0x68,0x3a,0x20,0x74,0x72,0x75,
  0x65,0xd,0xa,0x20,0x20,0x20,0x20,0x61,0x6e,0x74,0x69,0x61,0x6c,0x69,0x61,0x73,
  0x69,0x6e,0x67,0x3a,0x20,0x74,0x72,0x75,0x65,0xd,0xa,0x20,0x20,0x20,0x20,0x6d,
  0x69,0x70,0x6d,0x61,0x70,0x3a,0x20,0x74,0x72,0x75,0x65,0xd,0xa,0x7d,
    // X:/QmlIVI/src/qml/components/FuelGauge.qml
  0x0,0x0,0x2,0xe6,
  0x69,
  0x6d,0x70,0x6f,0x72,0x74,0x20,0x51,0x74,0x51,0x75,0x69,0x63,0x6b,0x20,0x32,0x2e,
  0x31,0x35,0xd,0xa,0xd,0xa,0x49,0x74,0x65,0x6d,0x20,0x7b,0xd,0xa,0x20,0x20,
  0x20,0x20,0x69,0x64,0x3a,0x20,0x72,0x6f,0x6f,0x74,0xd,0xa,0x20,0x20,0x20,0x20,
  0x77,0x69,0x64,0x74,0x68,0x3a,0x20,0x32,0x30,0x30,0xd,0xa,0x20,0x20,0x20,0x20,
  0x68,0x65,0x69,0x67,0x68,0x74,0x3a,0x20,0x32,0x30,0x30,0xd,0xa,0xd,0xa,0x20,
  0x20,0x20,0x20,0x70,0x72,0x6f,0x70,0x65,0x72,0x74,0x79,0x20,0x64,0x6f,0x75,0x62,
  0x6c,0x65,0x20,0x66,0x75,0x65,0x6c,0x4c,0x65,0x76,0x65,0x6c,0x3a,0x20,0x30,0xd,
  0xa,0x20,0x20,0x20,0x20,0x70,0x72,0x6f,0x70,0x65,0x72,0x74,0x79,0x20,0x64,0x6f,
  0x75,0x62,0x6c,0x65,0x20,0x6e,0x65,0x65,0x64,0x6c,0x65,0x41,0x6e,0x67,0x6c,0x65,
  0x3a,0x20,0x2d,0x31,0x32,0x30,0xd,0xa,0xd,0xa,0x20,0x20,0x20,0x20,0x6f,0x6e,
  0x46,0x75,0x65,0x6c,0x4c,0x65,0x76,0x65,0x6c,0x43,0x68,0x61,0x6e,0x67,0x65,0x64,
  0x3a,0x20,0x75,0x70,0x64,0x61,0x74,0x65,0x4e,0x65,0x65,0x64,0x6c,0x65,0x28,0x29,
  0xd,0xa,0xd,0xa,0x20,0x20,0x20,0x20,0x66,0x75,0x6e,0x63,0x74,0x69,0x6f,0x6e,
  0x20,0x75,0x70,0x64,0x61,0x74,0x65,0x4e,0x65,0x65,0x64,0x6c,0x65,0x28,0x29,0x20,
  0x7b,0xd,0xa,0x20,0x20,0x20,0x20,0x20,0x20,0x20,0x20,0x76,0x61,0x72,0x20,0x63,
  0x6c,0x61,0x6d,0x70,0x65,0x64,0x20,0x3d,0x20,0x4d,0x61,0x74,0x68,0x2e,0x6d,0x61,
  0x78,0x28,0x30,0x2c,0x20,0x4d,0x61,0x74,0x68,0x2e,0x6d,0x69,0x6e,0x28,0x31,0x2c,
  0x20,0x66,0x75,0x65,0x6c,0x4c,0x65,0x76,0x65,0x6c,0x29,0x29,0xd,0xa,0x20,0x20,
  0x20,0x20,0x20,0x20,0x20,0x20,0x6e,0x65,0x65,0x64,0x6c,0x65,0x41,0x6e,0x67,0x6c,
  0x65,0x20,0x3d,0x20,0x2d,0x31,0x32,0x30,0x20,0x2b,0x20,0x28,0x63,0x6c,0x61,0x6d,
  0x70,0x65,0x64,0x20,0x2f,0x20,0x31,0x2e,0x30,0x29,0x20,0x2a,0x20,0x32,0x34,0x30,
  0xd,0xa,0x20,0x20,0x20,0x20,0x7d,0xd,0xa,0xd,0xa,0x20,0x20,0x20,0x20,0x43,
  0x75,0x73,0x74,0x6f,0x6d,0x49,0x6d,0x61,0x67,0x65,0x20,0x7b,0xd,0xa,0x20,0x20,
  0x20,0x20,0x20,0x20,0x20,0x20,0x61,0x6e,0x63,0x68,0x6f,0x72,0x73,0x2e,0x66,0x69,
  0x6c,0x6c,0x3a,0x20,0x70,0x61,0x72,0x65,0x6e,0x74,0xd,0xa,0x20,0x20,0x20,0x20,
  0x20,0x20,0x20,0x20,0x73,0x6f,0x75,0x72,0x63,0x65,0x3a,0x20,0x22,0x71,0x72,0x63,
  0x3a,0x2f,0x49,0x6d,0x61,0x67,0x65,0x73,0x2f,0x66,0x75,0x65,0x6c,0x2f,0x66,0x75,
  0x65,0x6c,0x5f,0x66,0x61,0x63,0x65,0x2e,0x73,0x76,0x67,0x22,0xd,0xa,0x20,0x20,
  0x20,0x20,0x7d,0xd,0xa,0xd,0xa,0x20,0x20,0x20,0x20,0x43,0x75,0x73,0x74,0x6f,
  0x6d,0x49,0x6d,0x61,0x67,0x65,0x20,0x7b,0xd,0xa,0x20,0x20,0x20,0x20,0x20,0x20,
  0x20,0x20,0x61,0x6e,0x63,0x68,0x6f,0x72,0x73,0x2e,0x66,0x69,0x6c,0x6c,0x3a,0x20,
  0x70,0x61,0x72,0x65,0x6e,0x74,0xd,0xa,0x20,0x20,0x20,0x20,0x20,0x20,0x20,0x20,
  0x73,0x6f,0x75,0x72,0x63,0x65,0x3a,0x20,0x22,0x71,0x72,0x63,0x3a,0x2f,0x49,0x6d,
  0x61,0x67,0x65,0x73,0x2f,0x66,0x75,0x65,0x6c,0x2f,0x66,0x75,0x65,0x6c,0x5f,0x6e,
  0x65,0x65,0x64,0x6c,0x65,0x2e,0x73,0x76,0x67,0x22,0xd,0xa,0x20,0x20,0x20,0x20,
  0x20,0x20,0x20,0x20,0x72,0x6f,0x74,0x61,0x74,0x69,0x6f,0x6e,0x3a,0x20,0x6e,0x65,
  0x65,0x64,0x6c,0x65,0x41,0x6e,0x67,0x6c,0x65,0xd,0xa,0x20,0x20,0x20,0x20,0x20,
  0x20,0x20,0x20,0x74,0x72,0x61,0x6e,0x73,0x66,0x6f,0x72,0x6d,0x4f,0x72,0x69,0x67,
  0x69,0x6e,0x3a,0x20,0x49,0x74,0x65,0x6d,0x2e,0x43,0x65,0x6e,0x74,0x65,0x72,0xd,
  0xa,0x20,0x20,0x20,0x20,0x7d,0xd,0xa,0xd,0xa,0x20,0x20,0x20,0x20,0x43,0x75,
  0x73,0x74,0x6f,0x6d,0x49,0x6d,0x61,0x67,0x65,0x20,0x7b,0xd,0xa,0x20,0x20,0x20,
  0x20,0x20,0x20,0x20,0x20,0x61,0x6e,0x63,0x68,0x6f,0x72,0x73,0x2e,0x66,0x69,0x6c,
  0x6c,0x3a,0x20,0x70,0x61,0x72,0x65,0x6e,0x74,0xd,0xa,0x20,0x20,0x20,0x20,0x20,
  0x20,0x20,0x20,0x73,0x6f,0x75,0x72,0x63,0x65,0x3a,0x20,0x22,0x71,0x72,0x63,0x3a,
  0x2f,0x49,0x6d,0x61,0x67,0x65,0x73,0x2f,0x66,0x75,0x65,0x6c,0x2f,0x66,0x75,0x65,
  0x6c,0x5f,0x63,0x61,0x73,0x65,0x2e,0x73,0x76,0x67,0x22,0xd,0xa,0x20,0x20,0x20,
  0x20,0x7d,0xd,0xa,0x7d,
    // X:/QmlIVI/src/qml/components/Speedometer.qml
  0x0,0x0,0x2,0xe8,
  0x69,
  0x6d,0x70,0x6f,0x72,0x74,0x20,0x51,0x74,0x51,0x75,0x69,0x63,0x6b,0x20,0x32,0x2e,
  0x31,0x35,0xd,0xa,0xd,0xa,0x49,0x74,0x65,0x6d,0x20,0x7b,0xd,0xa,0x20,0x20,
  0x20,0x20,0x69,0x64,0x3a,0x20,0x72,0x6f,0x6f,0x74,0xd,0xa,0x20,0x20,0x20,0x20,
  0x77,0x69,0x64,0x74,0x68,0x3a,0x20,0x34,0x30,0x30,0xd,0xa,0x20,0x20,0x20,0x20,
  0x68,0x65,0x69,0x67,0x68,0x74,0x3a,0x20,0x34,0x30,0x30,0xd,0xa,0xd,0xa,0x20,
  0x20,0x20,0x20,0x70,0x72,0x6f,0x70,0x65,0x72,0x74,0x79,0x20,0x64,0x6f,0x75,0x62,
  0x6c,0x65,0x20,0x73,0x70,0x65,0x65,0x64,0x3a,0x20,0x30,0xd,0xa,0x20,0x20,0x20,
  0x20,0x70,0x72,0x6f,0x70,0x65,0x72,0x74,0x79,0x20,0x64,0x6f,0x75,0x62,0x6c,0x65,
  0x20,0x6e,0x65,0x65,0x64,0x6c,0x65,0x41,0x6e,0x67,0x6c,0x65,0x3a,0x20,0x2d,0x31,
  0x33,0x35,0xd,0xa,0xd,0xa,0x20,0x20,0x20,0x20,0x6f,0x6e,0x53,0x70,0x65,0x65,
  0x64,0x43,0x68,0x61,0x6e,0x67,0x65,0x64,0x3a,0x20,0x75,0x70,0x64,0x61,0x74,0x65,
  0x4e,0x65,0x65,0x64,0x6c,0x65,0x28,0x29,0xd,0xa,0xd,0xa,0x20,0x20,0x20,0x20,
  0x66,0x75,0x6e,0x63,0x74,0x69,0x6f,0x6e,0x20,0x75,0x70,0x64,0x61,0x74,0x65,0x4e,
  0x65,0x65,0x64,0x6c,0x65,0x28,0x29,0x20,0x7b,0xd,0xa,0x20,0x20,0x20,0x20,0x20,
  0x20,0x20,0x20,0x76,0x61,0x72,0x20,0x63,0x6c,0x61,0x6d,0x70,0x65,0x64,0x20,0x3d,
  0x20,0x4d,0x61,0x74,0x68,0x2e,0x6d,0x61,0x78,0x28,0x30,0x2c,0x20,0x4d,0x61,0x74,
  0x68,0x2e,0x6d,0x69,0x6e,0x28,0x32,0x36,0x30,0x2c,0x20,0x73,0x70,0x65,0x65,0x64,
  0x29,0x29,0xd,0xa,0x20,0x20,0x20,0x20,0x20,0x20,0x20,0x20,0x6e,0x65,0x65,0x64,
  0x6c,0x65,0x41,0x6e,0x67,0x6c,0x65,0x20,0x3d,0x20,0x2d,0x31,0x33,0x35,0x20,0x2b,
  0x20,0x28,0x63,0x6c,0x61,0x6d,0x70,0x65,0x64,0x20,0x2f,0x20,0x32,0x36,0x30,0x29,
  0x20,0x2a,0x20,0x32,0x37,0x30,0xd,0xa,0x20,0x20,0x20,0x20,0x7d,0xd,0xa,0xd,
  0xa,0x20,0x20,0x20,0x20,0x43,0x75,0x73,0x74,0x6f,0x6d,0x49,0x6d,0x61,0x67,0x65,
  0x20,0x7b,0xd,0xa,0x20,0x20,0x20,0x20,0x20,0x20,0x20,0x20,0x61,0x6e,0x63,0x68,
  0x6f,0x72,0x73,0x2e,0x66,0x69,0x6c,0x6c,0x3a,0x20,0x70,0x61,0x72,0x65,0x6e,0x74,
  0xd,0xa,0x20,0x20,0x20,0x20,0x20,0x20,0x20,0x20,0x73,0x6f,0x75,0x72,0x63,0x65,
  0x3a,0x20,0x22,0x71,0x72,0x63,0x3a,0x2f,0x49,0x6d,0x61,0x67,0x65,0x73,0x2f,0x73,
  0x70,0x65,0x65,0x64,0x6f,0x2f,0x73,0x70,0x65,0x65,0x64,0x6f,0x5f,0x66,0x61,0x63,
  0x65,0x2e,0x73,0x76,0x67,0x22,0xd,0xa,0x20,0x20,0x20,0x20,0x7d,0xd,0xa,0xd,
  0xa,0x20,0x20,0x20,0x20,0x43,0x75,0x73,0x74,0x6f,0x6d,0x49,0x6d,0x61,0x67,0x65,
  0x20,0x7b,0xd,0xa,0x20,0x20,0x20,0x20,0x20,0x20,0x20,0x20,0x61,0x6e,0x63,0x68,
  0x6f,0x72,0x73,0x2e,0x66,0x69,0x6c,0x6c,0x3a,0x20,0x70,0x61,0x72,0x65,0x6e,0x74,
  0xd,0xa,0x20,0x20,0x20,0x20,0x20,0x20,0x20,0x20,0x73,0x6f,0x75,0x72,0x63,0x65,
  0x3a,0x20,0x22,0x71,0x72,0x63,0x3a,0x2f,0x49,0x6d,0x61,0x67,0x65,0x73,0x2f,0x73,
  0x70,0x65,0x65,0x64,0x6f,0x2f,0x73,0x70,0x65,0x65,0x64,0x6f,0x5f,0x6e,0x65,0x65,
  0x64,0x6c,0x65,0x2e,0x73,0x76,0x67,0x22,0xd,0xa,0x20,0x20,0x20,0x20,0x20,0x20,
  0x20,0x20,0x72,0x6f,0x74,0x61,0x74,0x69,0x6f,0x6e,0x3a,0x20,0x6e,0x65,0x65,0x64,
  0x6c,0x65,0x41,0x6e,0x67,0x6c,0x65,0xd,0xa,0x20,0x20,0x20,0x20,0x20,0x20,0x20,
  0x20,0x74,0x72,0x61,0x6e,0x73,0x66,0x6f,0x72,0x6d,0x4f,0x72,0x69,0x67,0x69,0x6e,
  0x3a,0x20,0x49,0x74,0x65,0x6d,0x2e,0x43,0x65,0x6e,0x74,0x65,0x72,0xd,0xa,0x20,
  0x20,0x20,0x20,0x7d,0xd,0xa,0xd,0xa,0x20,0x20,0x20,0x20,0x43,0x75,0x73,0x74,
  0x6f,0x6d,0x49,0x6d,0x61,0x67,0x65,0x20,0x7b,0xd,0xa,0x20,0x20,0x20,0x20,0x20,
  0x20,0x20,0x20,0x61,0x6e,0x63,0x68,0x6f,0x72,0x73,0x2e,0x66,0x69,0x6c,0x6c,0x3a,
  0x20,0x70,0x61,0x72,0x65,0x6e,0x74,0xd,0xa,0x20,0x20,0x20,0x20,0x20,0x20,0x20,
  0x20,0x73,0x6f,0x75,0x72,0x63,0x65,0x3a,0x20,0x22,0x71,0x72,0x63,0x3a,0x2f,0x49,
  0x6d,0x61,0x67,0x65,0x73,0x2f,0x73,0x70,0x65,0x65,0x64,0x6f,0x2f,0x73,0x70,0x65,
  0x65,0x64,0x6f,0x5f,0x63,0x61,0x73,0x65,0x2e,0x73,0x76,0x67,0x22,0xd,0xa,0x20,
  0x20,0x20,0x20,0x7d,0xd,0xa,0x7d,
    // X:/QmlIVI/src/qml/components/Tachometer.qml
  0x0,0x0,0x2,0xe0,
  0x69,
  0x6d,0x70,0x6f,0x72,0x74,0x20,0x51,0x74,0x51,0x75,0x69,0x63,0x6b,0x20,0x32,0x2e,
  0x31,0x35,0xd,0xa,0xd,0xa,0x49,0x74,0x65,0x6d,0x20,0x7b,0xd,0xa,0x20,0x20,
  0x20,0x20,0x69,0x64,0x3a,0x20,0x72,0x6f,0x6f,0x74,0xd,0xa,0x20,0x20,0x20,0x20,
  0x77,0x69,0x64,0x74,0x68,0x3a,0x20,0x34,0x30,0x30,0xd,0xa,0x20,0x20,0x20,0x20,
  0x68,0x65,0x69,0x67,0x68,0x74,0x3a,0x20,0x34,0x30,0x30,0xd,0xa,0xd,0xa,0x20,
  0x20,0x20,0x20,0x70,0x72,0x6f,0x70,0x65,0x72,0x74,0x79,0x20,0x64,0x6f,0x75,0x62,
  0x6c,0x65,0x20,0x72,0x70,0x6d,0x3a,0x20,0x30,0xd,0xa,0x20,0x20,0x20,0x20,0x70,
  0x72,0x6f,0x70,0x65,0x72,0x74,0x79,0x20,0x64,0x6f,0x75,0x62,0x6c,0x65,0x20,0x6e,
  0x65,0x65,0x64,0x6c,0x65,0x41,0x6e,0x67,0x6c,0x65,0x3a,0x20,0x2d,0x31,0x34,0x30,
  0xd,0xa,0xd,0xa,0x20,0x20,0x20,0x20,0x6f,0x6e,0x52,0x70,0x6d,0x43,0x68,0x61,
  0x6e,0x67,0x65,0x64,0x3a,0x20,0x75,0x70,0x64,0x61,0x74,0x65,0x4e,0x65,0x65,0x64,
  0x6c,0x65,0x28,0x29,0xd,0xa,0xd,0xa,0x20,0x20,0x20,0x20,0x66,0x75,0x6e,0x63,
  0x74,0x69,0x6f,0x6e,0x20,0x75,0x70,0x64,0x61,0x74,0x65,0x4e,0x65,0x65,0x64,0x6c,
  0x65,0x28,0x29,0x20,0x7b,0xd,0xa,0x20,0x20,0x20,0x20,0x20,0x20,0x20,0x20,0x76,
  0x61,0x72,0x20,0x63,0x6c,0x61,0x6d,0x70,0x65,0x64,0x20,0x3d,0x20,0x4d,0x61,0x74,
  0x68,0x2e,0x6d,0x61,0x78,0x28,0x30,0x2c,0x20,0x4d,0x61,0x74,0x68,0x2e,0x6d,0x69,
  0x6e,0x28,0x37,0x30,0x30,0x30,0x2c,0x20,0x72,0x70,0x6d,0x29,0x29,0xd,0xa,0x20,
  0x20,0x20,0x20,0x20,0x20,0x20,0x20,0x6e,0x65,0x65,0x64,0x6c,0x65,0x41,0x6e,0x67,
  0x6c,0x65,0x20,0x3d,0x20,0x2d,0x31,0x34,0x30,0x20,0x2b,0x20,0x28,0x63,0x6c,0x61,
  0x6d,0x70,0x65,0x64,0x20,0x2f,0x20,0x37,0x30,0x30,0x30,0x29,0x20,0x2a,0x20,0x32,
  0x36,0x30,0xd,0xa,0x20,0x20,0x20,0x20,0x7d,0xd,0xa,0xd,0xa,0x20,0x20,0x20,
  0x20,0x43,0x75,0x73,0x74,0x6f,0x6d,0x49,0x6d,0x61,0x67,0x65,0x20,0x7b,0xd,0xa,
  0x20,0x20,0x20,0x20,0x20,0x20,0x20,0x20,0x61,0x6e,0x63,0x68,0x6f,0x72,0x73,0x2e,
  0x66,0x69,0x6c,0x6c,0x3a,0x20,0x70,0x61,0x72,0x65,0x6e,0x74,0xd,0xa,0x20,0x20,
  0x20,0x20,0x20,0x20,0x20,0x20,0x73,0x6f,0x75,0x72,0x63,0x65,0x3a,0x20,0x22,0x71,
  0x72,0x63,0x3a,0x2f,0x49,0x6d,0x61,0x67,0x65,0x73,0x2f,0x74,0x61,0x63,0x68,0x6f,
  0x2f,0x74,0x61,0x63,0x68,0x6f,0x5f,0x66,0x61,0x63,0x65,0x2e,0x73,0x76,0x67,0x22,
  0xd,0xa,0x20,0x20,0x20,0x20,0x7d,0xd,0xa,0xd,0xa,0x20,0x20,0x20,0x20,0x43,
  0x75,0x73,0x74,0x6f,0x6d,0x49,0x6d,0x61,0x67,0x65,0x20,0x7b,0xd,0xa,0x20,0x20,
  0x20,0x20,0x20,0x20,0x20,0x20,0x61,0x6e,0x63,0x68,0x6f,0x72,0x73,0x2e,0x66,0x69,
  0x6c,0x6c,0x3a,0x20,0x70,0x61,0x72,0x65,0x6e,0x74,0xd,0xa,0x20,0x20,0x20,0x20,
  0x20,0x20,0x20,0x20,0x73,0x6f,0x75,0x72,0x63,0x65,0x3a,0x20,0x22,0x71,0x72,0x63,
  0x3a,0x2f,0x49,0x6d,0x61,0x67,0x65,0x73,0x2f,0x74,0x61,0x63,0x68,0x6f,0x2f,0x74,
  0x61,0x63,0x68,0x6f,0x5f,0x6e,0x65,0x65,0x64,0x6c,0x65,0x2e,0x73,0x76,0x67,0x22,
  0xd,0xa,0x20,0x20,0x20,0x20,0x20,0x20,0x20,0x20,0x72,0x6f,0x74,0x61,0x74,0x69,
  0x6f,0x6e,0x3a,0x20,0x6e,0x65,0x65,0x64,0x6c,0x65,0x41,0x6e,0x67,0x6c,0x65,0xd,
  0xa,0x20,0x20,0x20,0x20,0x20,0x20,0x20,0x20,0x74,0x72,0x61,0x6e,0x73,0x66,0x6f,
  0x72,0x6d,0x4f,0x72,0x69,0x67,0x69,0x6e,0x3a,0x20,0x49,0x74,0x65,0x6d,0x2e,0x43,
  0x65,0x6e,0x74,0x65,0x72,0xd,0xa,0x20,0x20,0x20,0x20,0x7d,0xd,0xa,0xd,0xa,
  0x20,0x20,0x20,0x20,0x43,0x75,0x73,0x74,0x6f,0x6d,0x49,0x6d,0x61,0x67,0x65,0x20,
  0x7b,0xd,0xa,0x20,0x20,0x20,0x20,0x20,0x20,0x20,0x20,0x61,0x6e,0x63,0x68,0x6f,
  0x72,0x73,0x2e,0x66,0x69,0x6c,0x6c,0x3a,0x20,0x70,0x61,0x72,0x65,0x6e,0x74,0xd,
  0xa,0x20,0x20,0x20,0x20,0x20,0x20,0x20,0x20,0x73,0x6f,0x75,0x72,0x63,0x65,0x3a,
  0x20,0x22,0x71,0x72,0x63,0x3a,0x2f,0x49,0x6d,0x61,0x67,0x65,0x73,0x2f,0x73,0x70,
  0x65,0x65,0x64,0x6f,0x2f,0x73,0x70,0x65,0x65,0x64,0x6f,0x5f,0x63,0x61,0x73,0x65,
  0x2e,0x73,0x76,0x67,0x22,0xd,0xa,0x20,0x20,0x20,0x20,0x7d,0xd,0xa,0x7d,
    // X:/QmlIVI/resources/Images/speedo/speedo_face.svg
  0x0,0x0,0x1d,0xa0,
  0x0,
  0x0,0x62,0xcb,0x78,0x9c,0xb5,0x5d,0x49,0x8f,0xe5,0xb7,0x71,0xbf,0xe7,0x53,0x34,
  0x3a,0x67,0x3f,0x71,0x5f,0x2,0x8f,0xd,0x18,0x81,0x4f,0x9d,0x43,0x3,0xc9,0xc5,
  0x37,0x43,0x9a,0xc8,0x83,0x28,0x33,0x86,0xa4,0x58,0xf2,0xb7,0x4f,0xfd,0x6a,0xe5,
  0x5b,0x0,0x4d,0x3,0x33,0x30,0x84,0xe9,0xaa,0x47,0xd6,0x42,0x16,0x8b,0x45,0x56,
  0xf1,0xef,0xdf,0xff,0xf1,0xd7,0xff,0xfd,0xe1,0xe9,0x1f,0xef,0x7f,0xfc,0xe9,0xc3,
  0xa7,0x8f,0xef,0x9e,0xf3,0x25,0x3d,0x3f,0xbd,0xff,0xf8,0xed,0xa7,0xef,0x3e,0x7c,
  0xfc,0xfe,0xdd,0xf3,0x7f,0xfd,0xe7,0x9f,0x7f,0xb7,0x9e,0xff,0xf8,0x87,0x7f,0xf9,
  0xfd,0x4f,0xff,0xf8,0xfe,0xe9,0x1f,0x1f,0xde,0xff,0xf2,0xa7,0x4f,0xbf,0xbe,0x7b,
  0x4e,0x4f,0xe9,0xa9,0x25,0xfe,0xef,0xf9,0x89,0xfa,0x7f,0xfc,0xe9,0xdd,0xf3,0xdf,
  0x7e,0xfe,0xf9,0xef,0xff,0xf6,0xcd,0x37,0xbf,0xfc,0xf2,0xcb,0xe5,0x97,0x7a,0xf9,
  0xf4,0xe3,0xf7,0xdf,0x94,0x94,0xd2,0x37,0xd4,0xef,0x99,0xba,0x7f,0xfb,0xe1,0xc7,
  0x6f,0x7f,0x78,0xff,0xf4,0x2d,0x75,0x2e,0xe8,0xf4,0xed,0x3f,0xf5,0x8f,0x1f,0x89,
  0xe7,0xee,0xcf,0x4f,0xff,0xfd,0xe1,0x87,0x1f,0xde,0x3d,0xff,0x6b,0xfa,0x77,0xfc,
  0xef,0xf9,0xe9,0x1b,0xea,0xf3,0xc3,0x87,0x8f,0xef,0x9f,0x7e,0xcd,0xef,0x9e,0x57,
  0xbd,0xd4,0x32,0x9f,0x9f,0xfe,0x49,0x7f,0xd7,0x3c,0x2e,0x63,0x56,0x62,0x5b,0xde,
  0x3d,0xef,0x71,0x49,0x9d,0x3a,0xff,0x93,0xfe,0xae,0xa9,0x5e,0x76,0x23,0xe0,0xa7,
  0x9f,0x7f,0xfc,0xf4,0x3f,0xef,0x89,0xd6,0x9f,0xff,0x3c,0xfe,0x54,0x1d,0xf1,0xbb,
  0x5f,0x3e,0x7c,0xf7,0xf3,0xdf,0xa8,0xdd,0xa5,0x38,0xa,0x1c,0xbe,0xfd,0xeb,0xdf,
  0xdf,0x3d,0xff,0xf8,0xe9,0xff,0x3e,0x7e,0x77,0xc3,0x75,0xb4,0x4b,0x49,0x4b,0xb8,
  0x96,0x5d,0x2f,0xb3,0x66,0xe1,0x3a,0xcb,0xa5,0xd5,0x25,0x5c,0xcb,0x5a,0x24,0x42,
  0xfa,0x4d,0xae,0xf9,0xb2,0x3e,0x8f,0x6b,0xdb,0x97,0x5e,0x55,0xd7,0x32,0xe6,0x65,
  0xe6,0x25,0x5c,0x47,0xbf,0xec,0x9e,0x95,0xeb,0x48,0x97,0xa,0x71,0xbe,0x94,0xae,
  0x75,0x5f,0x26,0x66,0x81,0xb9,0x12,0xd0,0xd6,0x14,0xae,0x10,0x27,0x35,0xe5,0x5a,
  0xe7,0x25,0xed,0xf6,0xe5,0x74,0xad,0xfd,0x52,0x53,0x56,0xae,0x69,0x5f,0xf6,0x28,
  0xc2,0xb5,0x93,0xe0,0xc3,0x46,0x38,0xad,0xcb,0x9a,0xe3,0xb,0xea,0x3a,0x68,0x5e,
  0xab,0x70,0xcd,0x2b,0x5d,0x72,0xd6,0x79,0x6d,0xe3,0x92,0x6b,0x12,0xae,0x79,0xe5,
  0x4b,0xcd,0xf3,0xb,0xce,0x2b,0x19,0xcd,0x54,0x5d,0x73,0x4f,0x97,0x9d,0x4d,0xd7,
  0x7d,0x19,0x7d,0x28,0xd7,0x4e,0xb2,0x8d,0xdf,0xe6,0xfa,0xd9,0xba,0xd2,0x40,0x6e,
  0xac,0x32,0xe6,0x5a,0xb0,0x8c,0x54,0xd7,0x51,0x2e,0xb3,0xeb,0xbc,0xe6,0x32,0x69,
  0xe8,0xd7,0x97,0xd3,0x75,0x62,0x50,0xd5,0x9a,0xf6,0xba,0x94,0xa6,0x4c,0x17,0xad,
  0xa8,0x65,0x4c,0x69,0xbe,0x6b,0x2b,0x5f,0x4e,0xd5,0x9d,0x2e,0x7d,0x29,0xd3,0x39,
  0x2e,0x6d,0xf,0xf5,0x11,0xf3,0x52,0xb2,0x8e,0x2f,0x39,0x92,0xbd,0x7e,0x7b,0xd9,
  0x7c,0xb6,0xa2,0x39,0xb7,0xcb,0xa8,0x5b,0x98,0xf6,0x45,0x6b,0x48,0x99,0x62,0xac,
  0x7d,0xb5,0x4e,0x38,0x92,0xdf,0x76,0x11,0x9f,0xad,0x69,0x6e,0x99,0xd4,0xd3,0x59,
  0x6d,0xfd,0x32,0x8b,0x9a,0x52,0x26,0x20,0x55,0xd5,0xb5,0xd3,0xdf,0xf3,0xb7,0xc7,
  0xf7,0xf3,0x75,0xa5,0x59,0x2d,0x5d,0xfd,0x21,0x79,0x82,0x99,0xd4,0x9,0xe7,0x59,
  0xc9,0x47,0x54,0xe7,0xda,0xd2,0x6f,0x9b,0xd2,0x67,0xeb,0x4a,0x3,0x77,0x49,0x66,
  0xc1,0xe4,0x2f,0xf8,0xef,0x5f,0xcb,0xf9,0x43,0xe1,0x41,0x48,0x9f,0x31,0xc2,0x9f,
  0xad,0x6b,0x29,0xe4,0xf,0x61,0x9c,0xb7,0xba,0x96,0x2,0xcb,0x9a,0x5f,0x49,0x57,
  0xb2,0xa0,0x9e,0x1f,0xcc,0x6b,0xe9,0x8d,0x16,0x68,0xfb,0x3a,0xf3,0x5a,0x16,0x79,
  0xe1,0x91,0xef,0x6d,0xb8,0xd0,0x2a,0x4a,0x6d,0x7f,0x1d,0x1b,0xae,0xb4,0xfc,0x5b,
  0x7e,0xb0,0x5c,0x6b,0x22,0xcf,0x64,0x4e,0xe2,0x4b,0xaf,0xd7,0x4a,0xf3,0xba,0xd6,
  0x3,0xcf,0x54,0x33,0xd,0xb7,0x79,0x89,0x2f,0xee,0x9a,0x2a,0x76,0x96,0x87,0x6e,
  0xb8,0x92,0x71,0x95,0x36,0xbe,0x92,0x1f,0xae,0x7d,0x5e,0x7a,0xd9,0xf,0x36,0x9d,
  0xda,0x28,0x80,0x68,0xed,0x2b,0xed,0x3a,0x75,0x50,0xb4,0xb4,0xe7,0x83,0x2d,0xb6,
  0xd2,0x86,0xb4,0xe6,0xd7,0xda,0x63,0x2b,0x85,0x6c,0x63,0xef,0x7,0x1,0x5,0x66,
  0x60,0xd6,0xf2,0xd5,0x22,0xa,0x72,0x8d,0xe9,0x51,0xf8,0x54,0x69,0xd0,0xd9,0xb4,
  0xbf,0x52,0xfc,0x44,0xd4,0x47,0x7d,0x10,0x2c,0xd6,0xda,0x62,0xed,0x7e,0xf9,0x68,
  0x91,0x1c,0xf1,0xdc,0xe5,0x41,0x68,0x4c,0x61,0xfa,0xa5,0xf,0x1b,0xe7,0x2f,0x1d,
  0x1b,0x7b,0xec,0x7f,0x77,0x10,0xf0,0xe0,0xff,0x4b,0x9e,0x4,0xfe,0xfe,0xd7,0x9f,
  0xff,0xf6,0xf4,0xdd,0xbb,0xe7,0xff,0x78,0xca,0x79,0x61,0xcd,0x3e,0x51,0xf4,0x42,
  0xb6,0x3c,0x9e,0x5e,0xf,0x4c,0xa6,0xa5,0xbd,0x9,0xa6,0xd1,0xef,0xf3,0xa9,0x4c,
  0x78,0x98,0xcc,0x2d,0xe6,0x25,0xef,0x4a,0x98,0x45,0x1,0x5e,0x26,0xb8,0x5f,0x56,
  0xdf,0xe,0xa3,0x45,0xc3,0xf2,0x3c,0x5a,0x20,0x68,0xd8,0x57,0x34,0xc8,0x57,0xac,
  0x75,0x70,0x31,0x38,0xe4,0x30,0xc,0x71,0xeb,0x3b,0x68,0xd0,0xd8,0xb7,0x34,0x4e,
  0x2e,0x6b,0x5f,0xcb,0xa1,0xb0,0x4a,0xba,0xea,0xd1,0x2,0xba,0xa4,0x2b,0x1a,0xa6,
  0xad,0x71,0xb9,0x1e,0x8f,0xbf,0x3c,0xd1,0x18,0x15,0x8a,0x70,0xfb,0x10,0x9c,0xd0,
  0x75,0xcc,0xa2,0xc0,0xba,0x13,0x9c,0xc8,0x52,0x68,0x8c,0x28,0x54,0xa3,0xb8,0x9f,
  0xe9,0xee,0x4b,0xca,0x24,0xcb,0xa6,0x96,0x63,0x84,0x6c,0xa,0xa3,0x45,0xa1,0x25,
  0x9d,0x8e,0x16,0xe4,0xc5,0x66,0x3e,0x69,0xd0,0x3a,0x2f,0xbd,0x6,0x17,0x87,0x5d,
  0xe,0xc7,0x90,0x27,0xa2,0x7f,0x9d,0xc6,0x24,0x7f,0xbb,0xf3,0xc9,0x65,0x12,0xff,
  0xd2,0x8f,0xb9,0x12,0xf8,0x90,0xd4,0x5a,0x98,0x2e,0x41,0xc3,0xb5,0x55,0x2e,0x37,
  0xe3,0xf1,0x17,0x3f,0xe3,0x5e,0x5b,0xe3,0xbb,0xe7,0x8f,0x9f,0x3e,0xbe,0xbf,0xb5,
  0xb8,0x55,0x2e,0x79,0x96,0xa7,0x2,0x7f,0x99,0xd6,0xd3,0xcb,0x13,0xcd,0x4d,0xc1,
  0x2c,0xde,0x23,0xc6,0x65,0xb5,0x49,0x8,0x92,0xa4,0x73,0x97,0x3b,0x84,0x77,0xa9,
  0x97,0x56,0x48,0xa2,0x46,0xf6,0x56,0x17,0xc9,0x8c,0x80,0x3c,0xd3,0xc0,0x34,0x52,
  0xa2,0x26,0x80,0x1d,0xb6,0x44,0x20,0xc6,0x8b,0x7f,0xdf,0x3,0xbf,0xf,0xa2,0x34,
  0x2,0xec,0xcc,0xe1,0xf8,0xbd,0x91,0xeb,0xd9,0x4c,0x2e,0x4d,0x6,0x53,0x2d,0xf8,
  0x9d,0x18,0xc2,0x90,0x5a,0xc5,0x6e,0xc3,0x4a,0xed,0xe2,0x20,0xfd,0x9e,0x49,0x87,
  0x11,0xbf,0x53,0x48,0x37,0x3b,0x83,0x58,0x4b,0xaf,0x4f,0xb4,0x30,0x76,0x11,0x82,
  0x79,0x6c,0x28,0x34,0xb2,0x80,0x7b,0xa9,0x86,0x82,0xa0,0x80,0x78,0x80,0xe0,0xc4,
  0x2c,0x15,0x46,0xa4,0x54,0x41,0xb0,0x4e,0xfc,0x4e,0x93,0x35,0xaa,0x30,0xa4,0xb8,
  0x8e,0x11,0x1d,0x2,0x57,0x72,0x50,0x1,0xd2,0xef,0x74,0xc8,0xae,0xc7,0xef,0xd8,
  0x3f,0x85,0xfe,0x5c,0xac,0xf0,0xbe,0xd0,0xbc,0xb2,0x84,0xe8,0xe8,0x60,0xe7,0xe5,
  0x70,0xfc,0x4e,0xbe,0xa9,0xe6,0x27,0x2c,0xa0,0xd6,0x79,0x40,0xe7,0x80,0x19,0x2d,
  0xfc,0xb1,0x78,0x6,0xd6,0x1e,0x60,0xd7,0x37,0xe6,0x30,0xd1,0xc,0x25,0xcc,0xd0,
  0xf5,0xb4,0xf3,0xba,0x4a,0x34,0x48,0x23,0x49,0x9f,0x9c,0xd8,0x9e,0xd,0x43,0xf3,
  0x90,0xa,0xc1,0x89,0xac,0x57,0xc6,0xa5,0x4f,0xb6,0x56,0xc2,0xe4,0x5a,0x7d,0x60,
  0x37,0xc2,0xba,0x7d,0xc,0x3c,0x1d,0x8a,0xda,0x8,0xc4,0x26,0x93,0xd9,0xeb,0x20,
  0x40,0x88,0x5a,0x96,0x73,0x70,0xd0,0x44,0x30,0x44,0x27,0xdf,0xdd,0x8b,0xf7,0x27,
  0xb1,0x89,0xf5,0x41,0x9f,0x2,0xd7,0x93,0xbf,0x82,0x2a,0x60,0xa9,0x8e,0x11,0x15,
  0xd2,0x41,0xc1,0x95,0x54,0x16,0xb7,0xc3,0x20,0x43,0x43,0xe3,0xbe,0xc5,0xa0,0x97,
  0xd2,0x55,0x4c,0x2f,0xb4,0x4c,0x17,0xc1,0x95,0x36,0x89,0xc9,0x7c,0xf6,0x6e,0x4a,
  0x77,0x77,0xc8,0x4a,0xae,0x8c,0xe8,0xb9,0x68,0x2,0x92,0xe8,0x9d,0xa6,0x2e,0xc5,
  0xef,0xe4,0x4f,0x73,0x3e,0x8,0x6c,0x35,0x62,0xe5,0x60,0xa0,0x8b,0xe0,0x88,0x46,
  0x88,0xe1,0xfd,0xe9,0xfc,0x3f,0x56,0x3b,0xe8,0xab,0x89,0xf9,0xd4,0x98,0x9,0xba,
  0x80,0x8a,0x71,0x15,0x9c,0x42,0xa8,0x2d,0x2c,0x6e,0x87,0xe1,0x6d,0x9e,0x66,0x62,
  0xb1,0x92,0x0,0x14,0x77,0xf7,0x1,0x1b,0x1c,0xb8,0xf2,0x1,0x82,0x1c,0xcc,0xac,
  0x58,0x65,0xd6,0xe2,0xe,0x21,0x5d,0x30,0x15,0x74,0x6,0xac,0x98,0xa5,0xbd,0xd9,
  0xf9,0xf1,0xd2,0xdc,0xd8,0x4b,0x6e,0x11,0x41,0x85,0x16,0x67,0x81,0x7,0xbd,0x43,
  0x90,0x33,0x2e,0xe4,0x9e,0xa3,0xcb,0x3d,0xa2,0xf3,0xd6,0x1a,0x92,0xdc,0x23,0xac,
  0xcb,0x18,0xb4,0xa2,0xf3,0x3,0x4,0x5,0x81,0xb3,0xb0,0x13,0xb9,0x16,0x1d,0xda,
  0x6c,0xa,0x4c,0xb1,0x4c,0x13,0xb6,0x3b,0x6c,0x43,0x8e,0x20,0x47,0xd4,0x68,0xd2,
  0xb1,0x5e,0x3b,0xf,0xc0,0xe6,0x75,0x4f,0x8,0x72,0x12,0x84,0xc8,0x6c,0xc6,0xb4,
  0xee,0x37,0x1c,0xa1,0x82,0xbc,0xee,0xfb,0xc,0x4,0x81,0x89,0x36,0xd6,0xe8,0xbf,
  0xe8,0x4,0x54,0xbb,0xd3,0x77,0xd0,0xf8,0x1b,0x82,0x76,0xae,0x4c,0xb,0xcd,0xfa,
  0x67,0xf2,0x7b,0x6d,0x1c,0xf4,0x75,0x1f,0x33,0xfe,0xa,0x8a,0x7c,0x30,0x3a,0x45,
  0x10,0x38,0xb1,0x5e,0xbd,0xbf,0xe9,0xa7,0xf4,0x6f,0xf4,0xe7,0x21,0xe9,0xb8,0x8,
  0x14,0xd4,0xd6,0x75,0xc2,0x8,0xa2,0x91,0x67,0x83,0x9d,0xcf,0x5,0x9,0xe1,0x51,
  0x92,0xac,0x83,0x34,0x6,0x4f,0x4d,0x27,0x59,0x5d,0x24,0x1,0xd9,0xd5,0xce,0xba,
  0xe2,0xf7,0x26,0xfb,0xab,0xf7,0x27,0x57,0x58,0x53,0x72,0xfa,0x6,0x3a,0x7f,0x47,
  0x54,0x5e,0x6f,0xd6,0x9f,0x46,0x38,0xd5,0x14,0xf4,0x49,0x9d,0xcb,0x22,0xdf,0xab,
  0xfc,0xd,0x74,0xf9,0xc,0x61,0xf2,0x7b,0x7f,0x57,0x58,0xe8,0xdf,0xe8,0xff,0xc6,
  0x35,0x46,0x3c,0x16,0xf1,0xc2,0xf9,0x64,0x61,0xe3,0x25,0x43,0xc6,0xaa,0x37,0xc4,
  0xc4,0x86,0x8b,0xdf,0xb1,0x90,0xb1,0x4f,0xd1,0x89,0x78,0xd2,0xc6,0x9c,0xc9,0x58,
  0xe9,0xc4,0x10,0xe0,0x64,0x21,0x8e,0xdf,0xa1,0xd5,0x8e,0xfe,0x14,0xc0,0xe5,0x76,
  0xd0,0x9f,0xb4,0x1,0xe6,0xee,0xfc,0x15,0xe4,0x7d,0x72,0xcf,0xf8,0x9d,0x56,0x5e,
  0xa7,0x6d,0x2b,0xfa,0xd3,0x3e,0x99,0x68,0x50,0x8c,0xbe,0x83,0xc6,0xdf,0x11,0x22,
  0x9f,0xf7,0x77,0xf9,0x95,0xbe,0xe9,0x77,0xad,0x3f,0xec,0x9,0x47,0x7b,0xda,0xb3,
  0x70,0xf6,0xdc,0x34,0xee,0x2f,0x81,0xd8,0xbc,0xc6,0x79,0x82,0x37,0x5,0x1d,0x40,
  0xb4,0x31,0x1,0x26,0xda,0x1a,0x1,0x96,0x3a,0x44,0x86,0xac,0x8,0x2c,0x6,0xec,
  0xf5,0x39,0x40,0xe,0x1e,0x38,0x62,0x54,0x4,0xd,0x9,0x96,0x10,0xf9,0x74,0x9a,
  0x60,0x1d,0xc3,0x46,0xca,0xe4,0x41,0xba,0x90,0xbf,0x25,0xb0,0x54,0xe8,0x40,0x5b,
  0xfb,0x1c,0xf2,0xfb,0x26,0x4b,0xcc,0x83,0xbc,0x1c,0x5,0x31,0x53,0xf6,0x70,0x80,
  0x14,0x28,0xb,0xfd,0xbe,0x2b,0x23,0x52,0x69,0x50,0xb9,0xcf,0x0,0x59,0xfe,0x44,
  0x8e,0xc6,0x10,0xa4,0x5f,0x67,0x72,0x55,0x63,0x15,0x32,0x50,0x3a,0xa2,0xf1,0xa0,
  0x6c,0x8a,0x64,0x1d,0x9c,0x2c,0xc7,0xf1,0xfb,0xe6,0xd,0xf,0x49,0x90,0x41,0xe4,
  0x26,0xd6,0xa6,0xce,0x1,0xf6,0x5,0x1a,0x3,0xda,0x61,0x64,0x8c,0x5b,0x76,0x90,
  0xe4,0xe3,0x2b,0x8d,0xf8,0x9d,0x16,0x48,0xca,0x3c,0xe5,0x2b,0x71,0x70,0x25,0x8a,
  0x60,0x8e,0x7,0xe9,0xe1,0x20,0x6d,0x2a,0x62,0x23,0x86,0xa0,0xe,0x14,0x33,0xe1,
  0x6,0x8,0xea,0xe2,0x92,0x6a,0x6c,0x19,0x9f,0xa2,0x33,0x88,0x7f,0x49,0xff,0x89,
  0x39,0x56,0xf0,0x15,0x13,0xb2,0xb8,0x83,0x20,0x48,0xdc,0x8d,0xf1,0x27,0xb0,0x71,
  0x7f,0x9f,0x5f,0x8a,0x95,0x48,0xf0,0x1b,0x83,0x60,0x9f,0x33,0xc4,0x33,0x93,0x48,
  0x7d,0x2c,0xd,0x3b,0x18,0x91,0x79,0xe3,0xa1,0x35,0x39,0xc9,0x9c,0x32,0x9f,0x6f,
  0xab,0xac,0xd9,0x82,0xe0,0x9c,0xa6,0x3c,0x23,0x6c,0xa1,0x28,0x8a,0x62,0x73,0x3,
  0x79,0xcd,0xa3,0x9f,0xff,0x4e,0x22,0xed,0x74,0xf6,0x27,0x7f,0x88,0x2d,0xd7,0xe8,
  0x1b,0xe8,0xfc,0xd,0x81,0xb8,0x33,0x45,0x7f,0x1a,0xfa,0xbe,0xe,0xfa,0xb8,0x0,
  0x3f,0xf8,0x2b,0x28,0xf2,0xd1,0xfa,0xf2,0xdf,0x21,0x7f,0x3e,0xfb,0x9b,0x7e,0x4a,
  0xff,0x5a,0x7f,0x9,0x79,0x12,0x6e,0x17,0x64,0x29,0x31,0xcd,0xc0,0xd0,0xc4,0xd0,
  0x4,0x20,0xa0,0x18,0xb2,0xb4,0x67,0x2f,0x12,0x8b,0xd1,0x29,0xdc,0xed,0xc0,0x85,
  0x32,0x3b,0xc1,0x66,0x50,0x2,0xb1,0x36,0x87,0xce,0xd1,0x9f,0xf6,0x16,0x3a,0xc3,
  0x38,0x7d,0x7,0x4d,0x0,0x47,0x50,0x8,0x47,0xeb,0xc9,0xfa,0x77,0xc4,0xbe,0xe5,
  0xa0,0xf,0x3b,0x20,0x7b,0xf5,0x49,0x11,0x30,0xe4,0xb3,0xdf,0x55,0x7e,0xef,0x1f,
  0xa,0xa,0x83,0xdb,0x21,0x78,0x9b,0x2b,0x26,0xf2,0x9d,0xfc,0x3b,0xee,0xda,0x5a,
  0xcb,0xc2,0xbe,0xc2,0x8d,0x28,0x82,0xc6,0x7c,0x22,0xa6,0x2a,0x8b,0xdc,0xc0,0x94,
  0x39,0xc9,0xb4,0x7c,0x81,0x98,0xe4,0xa,0x1d,0xa4,0x55,0xb9,0xcb,0xf1,0x7b,0x25,
  0x37,0x32,0x9b,0xf7,0x27,0x70,0xa6,0x7a,0xd0,0xaf,0xb4,0x5f,0x95,0xed,0xfc,0x15,
  0xa4,0xdf,0xc9,0xe7,0xae,0xf8,0x1d,0xda,0x95,0xdd,0xe,0x2,0xc0,0xec,0x34,0x9c,
  0x83,0xc3,0x2e,0x42,0x60,0xb0,0x94,0xf,0x1a,0xac,0x44,0x3a,0x98,0x98,0x92,0xd7,
  0x83,0x60,0xfb,0x3b,0xdc,0x67,0x21,0x8f,0x3e,0x59,0x2e,0xf2,0x17,0x8,0xe0,0xa,
  0xe2,0x55,0x8e,0x63,0x2b,0x6e,0x20,0xa,0x1d,0xf5,0x8a,0xee,0x9f,0x7d,0x82,0x6,
  0xcd,0x27,0x5,0xb8,0xe,0x16,0xb,0x29,0xc,0x41,0xb3,0x5,0xb3,0x23,0x72,0x90,
  0x80,0xce,0xd1,0x55,0x42,0x2a,0x9c,0x7d,0x16,0x5f,0x25,0x94,0x9d,0x5c,0x24,0x5,
  0x25,0xe,0x86,0x1,0x18,0x26,0x23,0x58,0xea,0x4d,0x28,0x34,0x89,0x94,0xdb,0xa5,
  0x19,0xb,0xec,0xed,0xe,0x9b,0xc,0x81,0x11,0x21,0x11,0x4b,0x4f,0x9e,0x3d,0xd3,
  0x82,0xa9,0x62,0xa7,0x52,0x35,0xc1,0xb5,0x93,0xb8,0x31,0xe,0xe8,0x93,0x61,0x9f,
  0x84,0x61,0x9,0x71,0xbb,0xa4,0x63,0xd9,0xf5,0xd0,0x1,0x97,0x29,0xc3,0xdd,0xfb,
  0xa,0xb8,0x62,0x99,0xf7,0xb3,0x5,0x4d,0x72,0xdb,0x42,0x3,0x87,0x77,0x3a,0xa3,
  0x91,0x8f,0xce,0xaa,0xed,0xa0,0xa3,0x62,0xae,0x8d,0xc3,0x53,0x37,0x13,0x1,0x79,
  0xb8,0x1a,0x1b,0x81,0xfe,0xae,0xa,0x39,0x1,0x1a,0xee,0x2,0x6f,0xaf,0x1c,0x1c,
  0x34,0x11,0xc,0xa1,0x32,0x52,0xff,0xd4,0xd6,0xa1,0x4,0x8,0xf2,0x38,0x88,0x96,
  0x37,0xe6,0xa0,0xde,0xb8,0xcd,0xc5,0xa3,0xab,0x11,0x94,0x21,0xa8,0x2b,0x2d,0x70,
  0xac,0x63,0x88,0x44,0x63,0x5b,0xab,0x2e,0x6c,0xd0,0x6,0x82,0xf,0x89,0x66,0x74,
  0x2,0xb2,0x51,0xb6,0x3d,0x1c,0x1,0xab,0x4d,0x88,0x22,0x9c,0x0,0x30,0x1d,0xbf,
  0x28,0x87,0x80,0x4d,0x84,0xc0,0x90,0x2b,0xce,0xe9,0xa0,0x41,0xc6,0xc3,0xd7,0x43,
  0xce,0x84,0x76,0xa3,0x15,0xcb,0x4f,0xc1,0x43,0x48,0xfd,0xdd,0x94,0xc8,0x1c,0x1c,
  0x1c,0x4a,0x12,0x83,0x92,0x6e,0x7,0x81,0x5d,0x72,0xc6,0x6,0xa7,0x43,0xa7,0xd7,
  0x76,0x86,0xa9,0x12,0x13,0x20,0xbb,0x0,0xe3,0xa2,0x5e,0x55,0xc,0x13,0x7,0x96,
  0x29,0x72,0xe2,0x2,0xd,0xd7,0x76,0xab,0x2e,0x87,0xe5,0x4a,0xaa,0xa7,0x75,0xb4,
  0xc0,0xfe,0x39,0xaf,0x68,0x20,0x12,0x18,0x7,0x17,0x83,0x43,0xe,0xc3,0xd0,0xf2,
  0x2f,0x35,0x68,0x90,0x55,0xac,0x99,0x4f,0x2e,0x64,0x36,0x57,0x72,0x28,0xac,0x92,
  0x22,0xee,0xf0,0x16,0x48,0x4c,0xed,0x2b,0x1a,0xa6,0xad,0x71,0xb9,0x1e,0xf,0xb9,
  0x1c,0x4c,0x12,0x7d,0x11,0x6e,0x8,0x5d,0xc3,0x54,0x78,0x75,0x59,0xf8,0x53,0xd,
  0x58,0xee,0x4a,0x40,0x87,0x23,0x2,0x35,0xf9,0x90,0xcd,0xd6,0x4,0x2e,0xf2,0x6,
  0xf6,0xa,0x6b,0x41,0x67,0xba,0xdd,0xd3,0x49,0x23,0x21,0x9a,0xca,0xc1,0xc5,0xe0,
  0x90,0xc3,0x31,0x74,0x34,0xc2,0xc2,0x37,0x1a,0x90,0xaf,0x8f,0x93,0x8b,0x39,0x22,
  0x93,0x23,0x5c,0x95,0x49,0xea,0x2d,0x54,0x97,0xa0,0xe1,0xfa,0x2b,0x97,0x9b,0xf1,
  0x78,0xdb,0x1e,0x86,0xb,0xda,0x5a,0xe5,0x6a,0xa0,0x66,0x1c,0x7b,0x41,0x6f,0x23,
  0xd8,0xba,0xc3,0xd0,0xba,0xdf,0x64,0x2e,0x2f,0xdc,0xa9,0x34,0xe,0x4a,0x70,0x57,
  0x77,0x20,0xb0,0x79,0x34,0xeb,0x42,0x8a,0x6e,0x5c,0x1e,0x25,0x46,0x48,0x68,0x7a,
  0x87,0x38,0xd9,0xc0,0x9f,0xf4,0x87,0x18,0xda,0x18,0x67,0x52,0x46,0x22,0xee,0x3d,
  0x46,0x7a,0xb1,0x89,0x34,0xe2,0x42,0xd1,0xdc,0x5e,0x7c,0x75,0xf5,0x1a,0x8,0x32,
  0x40,0x4,0x75,0x15,0xe6,0xd5,0x24,0x7e,0x40,0xdc,0x2,0x44,0x1a,0xbc,0xf3,0x8c,
  0x1,0x33,0x99,0x7c,0xa0,0x57,0x10,0xbf,0x53,0xf8,0xb4,0x67,0xfc,0x8e,0x9b,0xdb,
  0x71,0xf6,0xa7,0x68,0x8c,0x4,0x75,0xfa,0xa,0x3a,0x7f,0x45,0xc0,0x35,0xe7,0xd9,
  0x9d,0x0,0xb6,0x8c,0x56,0xea,0xc1,0x81,0xaf,0x68,0xe,0x11,0xc,0x56,0x19,0x7b,
  0x3a,0x5a,0x6c,0xb5,0x32,0xa7,0xa1,0x5a,0x3a,0x97,0xeb,0x61,0x90,0x91,0x21,0x87,
  0x58,0xf8,0x16,0x2d,0xb,0x55,0x45,0x80,0xa,0xae,0x96,0x33,0xae,0x86,0x52,0xe7,
  0x6d,0xa6,0xe6,0xa9,0x54,0xf9,0xc4,0x45,0x43,0xde,0x38,0xba,0x30,0xc9,0x4,0x7e,
  0xe5,0x35,0x23,0x9b,0x95,0xb5,0x20,0x8f,0xc6,0x53,0xe2,0x34,0x28,0xde,0x20,0x93,
  0x8,0x2e,0xa,0x87,0x18,0x86,0x90,0xdb,0x59,0xa3,0x80,0x83,0x75,0x9a,0x7,0xb,
  0x8a,0x8,0x71,0x80,0x30,0x19,0x14,0xc,0x21,0xed,0x77,0xd5,0x22,0xfa,0x9b,0xde,
  0x4a,0xff,0x7a,0x18,0x78,0x64,0x90,0x82,0xdf,0xe3,0x98,0x33,0x43,0xe8,0x9c,0xe2,
  0xd6,0xae,0x96,0x63,0xce,0x71,0xdf,0x38,0x96,0xdb,0x44,0xa7,0x6d,0xb0,0xf6,0xc3,
  0x66,0x3a,0xa2,0xae,0x16,0xbf,0x93,0x86,0xf5,0xb4,0xb9,0x4e,0xfb,0xcd,0xa8,0x41,
  0x5f,0xc1,0xe0,0x2f,0x8,0x9f,0x4d,0x25,0x70,0xcc,0xb7,0x72,0x70,0x8b,0x50,0x11,
  0xe,0x9b,0x81,0x8c,0x7d,0x1d,0x2d,0x48,0x9,0x30,0x3b,0x68,0x88,0x96,0xc1,0xe5,
  0x6a,0x18,0x64,0x64,0x36,0xdf,0x40,0xc7,0x64,0x29,0xc2,0x67,0xb3,0x4f,0xa4,0x83,
  0xcf,0xf9,0xa6,0x0,0x3c,0x23,0x6a,0x34,0x8b,0x70,0xc9,0xdc,0x66,0xda,0xe6,0x5d,
  0xcf,0x5b,0x34,0xa2,0xce,0x17,0x90,0x61,0x77,0xf4,0x4b,0x59,0x87,0x65,0xa,0x7c,
  0x98,0xae,0x22,0x6c,0x4e,0x85,0xc2,0x31,0xe7,0xc2,0xc2,0x6c,0x42,0x65,0x8,0x9b,
  0x51,0x21,0xfd,0x77,0xd1,0x22,0xfa,0x9b,0xde,0x4a,0xff,0x7a,0x18,0xde,0xe8,0x66,
  0x89,0x78,0xc3,0x2d,0xff,0xe2,0x3b,0xe9,0x17,0x3e,0x17,0x66,0xb9,0xcb,0xba,0x46,
  0xe0,0x6e,0xa0,0xb2,0xf3,0xa3,0x2e,0xb5,0xf3,0x85,0xb,0x2e,0xb5,0xe,0x4,0x85,
  0x97,0x3b,0x6b,0x17,0x4,0xc2,0x74,0x9c,0xc6,0x69,0xeb,0x85,0x2f,0x4d,0x12,0xc5,
  0x86,0x77,0x88,0x83,0xb,0x85,0xf5,0x64,0xb4,0x77,0x8,0x78,0xee,0x3e,0x95,0xb,
  0x24,0xbd,0x43,0x68,0x17,0xb6,0x8,0x3a,0xaf,0xf7,0xc2,0x77,0x8f,0xca,0x7,0x37,
  0x12,0x74,0xc4,0xb9,0x43,0x4,0x95,0xa9,0x41,0xcf,0x2d,0x22,0xba,0x40,0x73,0xb9,
  0x9d,0x9b,0x8d,0x17,0x8,0x34,0x1f,0x85,0x2f,0x3f,0x70,0xdb,0x81,0xc,0xe,0x45,
  0x3e,0xc8,0xf4,0x73,0x2,0x26,0x4f,0x8a,0xde,0x29,0xc0,0x5a,0xb4,0xa7,0xf2,0x8d,
  0x94,0x80,0xb8,0x2f,0xe2,0x8c,0x8f,0x23,0xe8,0x48,0x8c,0x28,0x63,0xca,0x66,0x32,
  0x61,0x26,0x3c,0xff,0x7a,0xb3,0x85,0xdb,0x1c,0x1c,0x6,0xa0,0x54,0x4b,0x6,0xe2,
  0x77,0xa,0x5c,0x49,0x20,0xff,0xbd,0xf1,0x9a,0x21,0x70,0x89,0xfd,0x4d,0x8a,0xbc,
  0x27,0x13,0x2c,0x7c,0x1,0x46,0xa,0x91,0xb9,0x21,0x6f,0xb4,0x97,0x69,0x38,0x78,
  0xbe,0x40,0x46,0x3a,0xe0,0xde,0x85,0x10,0x19,0x37,0x6e,0x53,0x4e,0xe,0xf4,0xcf,
  0x9a,0xa2,0x10,0xae,0xc0,0x12,0x10,0x83,0x5,0x26,0xc6,0xc9,0x41,0xfa,0x1d,0xb7,
  0xda,0x2b,0x7e,0xa7,0x91,0x58,0x93,0xe9,0x2f,0xbe,0x25,0xc1,0xa0,0xe3,0x88,0x32,
  0x91,0x6e,0x28,0x1,0x52,0xd8,0x2a,0x31,0x8e,0x22,0x88,0xcc,0xc4,0xf5,0xe,0x46,
  0x9a,0xb6,0x75,0x25,0xf3,0xca,0x8,0xc4,0x65,0x48,0x65,0x25,0x19,0xd0,0xdd,0x26,
  0x67,0xe6,0x32,0xdb,0xca,0xf5,0xb4,0xb3,0x25,0x20,0x5,0x81,0x5b,0xbd,0xc2,0x93,
  0xf9,0xea,0x8,0xf4,0x85,0x4b,0xd8,0xb8,0x79,0xe2,0x31,0x1a,0x8b,0x79,0xd0,0x6a,
  0x6a,0x14,0xc9,0xd9,0xa0,0x92,0x3b,0xcc,0xc4,0x23,0x6,0x7d,0x93,0x34,0x79,0xc6,
  0xef,0x19,0x45,0x2d,0x67,0x7f,0x9a,0xed,0x39,0x82,0xbe,0x80,0x7,0x7f,0x45,0x74,
  0x54,0x6c,0x78,0x7f,0x5c,0x2c,0x48,0xc2,0x4b,0xe9,0x23,0x9d,0x76,0xf0,0x57,0x50,
  0xe5,0x9b,0x39,0x7e,0x47,0x19,0xdc,0x3a,0xfb,0xab,0xc2,0x46,0xff,0x4a,0x7f,0x19,
  0x12,0x14,0x7c,0xb1,0x1d,0x6f,0x25,0xa9,0x8,0x64,0xb,0xe4,0x16,0x39,0x15,0xf6,
  0x43,0x39,0xc9,0xef,0xb4,0xf5,0xd3,0x78,0x43,0x54,0x1c,0x30,0x55,0x24,0x5,0x31,
  0x2d,0xb8,0x1,0x5d,0xfe,0x3b,0x89,0x56,0xfa,0x3e,0xfa,0x2f,0x18,0x6e,0x76,0xfa,
  0x6,0x3a,0x7f,0x45,0x60,0xfd,0xd0,0xc2,0xb0,0xfe,0xb8,0xf7,0x95,0x34,0x96,0xd2,
  0x37,0xb3,0xb2,0x29,0x71,0xb3,0x53,0xf9,0xfc,0x77,0x91,0x3f,0xfa,0xab,0x7e,0x46,
  0xff,0x5a,0xff,0xb7,0xf9,0x49,0x94,0xe2,0xd5,0xd3,0x4f,0x22,0x8d,0x91,0x4e,0x3f,
  0x69,0x8,0xf7,0x93,0xe8,0x82,0x1b,0x6b,0xf7,0x93,0x8e,0x30,0x3f,0x59,0xf4,0x98,
  0xed,0x6e,0x11,0x37,0xef,0x3b,0xf7,0x7b,0x44,0x70,0xc9,0x99,0xaf,0x26,0xef,0x10,
  0xee,0xbf,0x4c,0xd2,0x3b,0xc4,0xe1,0x27,0xb,0xe,0x5c,0x8b,0x47,0x1e,0xd1,0x6,
  0xa8,0x50,0x8c,0x4e,0x31,0xdc,0x12,0xab,0x7a,0xf1,0x16,0x77,0x8,0xed,0x22,0x54,
  0x50,0xf8,0x53,0xf,0x69,0xb,0xb5,0xde,0xe5,0x1e,0x71,0x50,0xc1,0x4d,0xd1,0x7a,
  0x80,0x58,0xbc,0x7,0x1e,0x5d,0x6e,0x11,0xa1,0x8f,0x4a,0x72,0x87,0x88,0x2e,0xb9,
  0xf1,0x3d,0xfa,0x3d,0x82,0xd6,0x90,0x8c,0xfc,0xb5,0xe8,0xac,0x4d,0x5d,0x9c,0x13,
  0xf4,0x15,0x6b,0x8,0x5d,0xd1,0xa8,0x6c,0xda,0xe7,0x8a,0x7,0xa2,0x62,0xf6,0xc4,
  0x23,0x94,0x3a,0xf8,0xba,0xc1,0x3d,0x46,0xa9,0xa8,0x18,0x58,0xf1,0x7b,0x13,0xf3,
  0x8d,0xfe,0xb2,0x15,0x39,0x7d,0xdd,0xaa,0x82,0xbf,0x22,0x64,0x45,0x5b,0x7f,0x5f,
  0xf1,0x46,0x5f,0x3d,0x82,0xf1,0x77,0x8f,0xc1,0xf2,0xc9,0x28,0xc8,0xef,0x28,0x80,
  0xd8,0x67,0x7f,0x55,0xd8,0xe8,0x5f,0xe9,0xcf,0x43,0x82,0x68,0x95,0x9c,0xa4,0xaf,
  0x58,0x47,0xc8,0x8a,0x46,0xfa,0x76,0x97,0x11,0x2b,0x1e,0x75,0x61,0xa8,0x8e,0x50,
  0x8f,0x60,0x22,0xb9,0xc7,0x28,0x8,0x9f,0x69,0x4b,0xf2,0xdf,0x33,0xe7,0x9f,0xa3,
  0x3f,0x1d,0xaf,0x5b,0x78,0xc,0x7,0x9d,0xbf,0x22,0x74,0x45,0x5b,0x7f,0x5f,0xf1,
  0x46,0x5f,0x3d,0x82,0x4f,0x89,0x79,0xc,0x93,0xcf,0x7e,0x57,0xf9,0xa3,0xbf,0xea,
  0x67,0xf4,0xaf,0xf5,0x7f,0xa3,0xc7,0x68,0x28,0x5c,0x3b,0x4f,0x8d,0x5c,0xe2,0x91,
  0xf7,0x3,0x8c,0x1f,0x60,0xd1,0xa9,0x62,0x35,0xdb,0x1,0xd6,0x11,0x76,0x80,0xe5,
  0xc2,0x93,0xdd,0xe3,0xbc,0x8a,0x8c,0x78,0x2a,0xeb,0x1e,0x71,0xb0,0xa1,0x78,0x9c,
  0xaf,0x46,0x1f,0x60,0xec,0xb8,0x1a,0xe2,0xde,0x63,0xe2,0x0,0x5b,0x10,0xc,0x76,
  0x8e,0xc2,0xa5,0x7a,0x6,0x75,0x77,0xb8,0x7e,0x55,0x4,0xf9,0x6f,0xda,0x89,0xf9,
  0xf7,0xcd,0xb7,0xfd,0xa8,0xf7,0xdd,0xab,0xf2,0xe5,0x2c,0x8a,0x8d,0x14,0x44,0x54,
  0x9f,0xc6,0xd9,0x80,0x23,0x7f,0x8a,0x46,0x8c,0x2,0x5f,0x49,0xf2,0xe5,0xa4,0xb1,
  0x0,0x66,0x51,0x94,0x61,0x32,0x18,0x8c,0x16,0x85,0x36,0xd3,0x7d,0xb4,0x40,0x0,
  0x51,0xae,0x68,0x90,0xe,0xb5,0x7,0x17,0x87,0x5d,0xe,0xc5,0x98,0xa0,0x4a,0x22,
  0x14,0x51,0x1e,0xa6,0xe8,0xf5,0x40,0xc8,0xd8,0x70,0x89,0x29,0x26,0x2,0xb9,0xb4,
  0x97,0x40,0xd0,0x3a,0xe6,0x7b,0x98,0x42,0x51,0x6f,0x91,0x7a,0x9,0xd4,0xe,0x95,
  0x81,0xc2,0x10,0xe,0xec,0x17,0xdf,0xe3,0x41,0x86,0x26,0x88,0x8e,0xda,0x2d,0x64,
  0xe5,0x96,0x83,0x32,0x12,0xb8,0x63,0xb3,0xdf,0x69,0xa8,0x66,0xe2,0xb4,0x2e,0x2a,
  0x6c,0x64,0x2c,0xc7,0xe4,0xc3,0xe4,0xe0,0xc2,0x13,0xac,0x68,0xae,0x5c,0x19,0x9c,
  0x6,0x40,0x87,0x22,0x39,0x97,0x4c,0x9b,0xa,0xf,0x6c,0xe5,0xcb,0x81,0x25,0xcb,
  0xb,0x69,0xb0,0xd1,0xf8,0x62,0x74,0x6d,0xd6,0x71,0xb5,0x6a,0xe0,0xab,0x8,0x8c,
  0xbb,0x12,0xfb,0xbd,0x73,0xd6,0xe,0xf7,0x89,0xb2,0xbc,0x6,0x79,0x1c,0xa9,0xf7,
  0x40,0x56,0xd2,0x40,0x5c,0x58,0x4e,0xe,0x4,0x3,0x43,0x83,0x8d,0x2a,0xa8,0xd1,
  0xf5,0xc0,0x86,0xe3,0x9f,0x4d,0x14,0x62,0x3b,0x3b,0x7e,0xf1,0x38,0xf3,0xad,0xb6,
  0x1d,0xd0,0x50,0xb4,0xb2,0x8f,0x63,0x7f,0xe1,0x9c,0x8a,0xd0,0x80,0xbb,0x7b,0xe5,
  0x3a,0x96,0x8e,0xa,0x3e,0x9a,0xec,0xc2,0x65,0x30,0x2,0x93,0x58,0x55,0xec,0xc5,
  0x10,0x8d,0xef,0xd4,0x41,0x81,0x4f,0xb8,0x85,0xcf,0xb1,0x32,0x8e,0x7d,0xc8,0x29,
  0x1e,0x9e,0x11,0xd9,0xcd,0x3e,0xc,0x14,0x21,0x33,0x75,0xf0,0xdf,0x51,0x13,0xc6,
  0x4b,0x52,0xb2,0xae,0x3e,0xcf,0x28,0x99,0x1d,0xb7,0x86,0xc1,0xb6,0x82,0x5d,0xa0,
  0x94,0x38,0x54,0x3b,0x42,0xe,0xdd,0x0,0x53,0x5f,0x71,0x28,0x47,0xd,0x5e,0xdb,
  0x7e,0x8a,0x47,0xdd,0x7a,0x8e,0x7b,0x21,0xfc,0x4e,0xc1,0x7a,0xcd,0xf1,0x7b,0xe3,
  0x4a,0xa2,0xa3,0x3f,0x1d,0xb4,0x71,0xf7,0x6b,0xf4,0x15,0xc,0xfe,0x82,0xb0,0xe3,
  0xb6,0x11,0x88,0x3,0xb9,0x71,0xb0,0x23,0xbb,0x89,0x10,0x87,0x7a,0x96,0x71,0xb5,
  0xa3,0xc5,0xe2,0xa,0xb2,0x93,0x86,0x68,0x19,0x5c,0xae,0x86,0x81,0x47,0x6,0xc1,
  0x7f,0x3f,0x4e,0xd3,0x86,0xb0,0xe3,0x36,0xea,0x44,0xd3,0xd5,0x25,0xe,0x6a,0x49,
  0x2b,0x5f,0xe2,0xa8,0x45,0xb8,0x64,0x6e,0x33,0xc8,0xfb,0xed,0x72,0xb4,0xc8,0x5c,
  0x8f,0x73,0xd0,0x40,0x45,0x50,0x8f,0xeb,0x26,0x83,0x43,0xc,0x43,0xc8,0xa1,0xdb,
  0x28,0xf8,0xa1,0xdc,0x58,0xe8,0xa1,0xdd,0x64,0xf0,0x43,0xbd,0x9,0x69,0xbf,0xab,
  0x16,0xd1,0xdf,0xf4,0x56,0xfa,0xd7,0xc3,0xf0,0xc6,0xad,0x67,0x16,0x8e,0x1c,0x38,
  0xbf,0x46,0x6,0xfa,0xc2,0xe2,0xc8,0x1d,0xf1,0x1d,0x86,0x82,0xa7,0xba,0x79,0x67,
  0xc1,0x9b,0xbf,0x25,0xa9,0x25,0xf0,0x3c,0x30,0x9c,0xd0,0xf2,0x5e,0x49,0x6e,0x81,
  0xfb,0xe4,0xd,0xa,0xa5,0xa0,0x75,0x3f,0xc2,0x4,0xaf,0x55,0xf9,0x40,0xf7,0x8,
  0xd3,0xf8,0xae,0xf0,0xe5,0x90,0xf9,0x1e,0x23,0xbd,0xd8,0x3a,0xb0,0x53,0x62,0x4f,
  0xf2,0xd4,0x66,0xc1,0xb9,0x9,0x12,0x29,0x6,0x30,0x82,0xc1,0x48,0x6e,0x16,0x5e,
  0x77,0xdb,0xb3,0x9b,0x1,0x5b,0x6e,0xd1,0x31,0x9a,0x7d,0x74,0x1a,0x9e,0x9f,0x74,
  0x2e,0x9a,0xc1,0x74,0x39,0x3c,0xc5,0x59,0x30,0x71,0xf9,0x6c,0x81,0x43,0xf4,0xba,
  0xa2,0xd1,0xb9,0xec,0x27,0xb8,0x28,0x7c,0xc8,0x61,0x18,0xc9,0x71,0x3a,0xd,0xcf,
  0x71,0x3a,0x17,0xd7,0xf6,0x7a,0x3c,0x64,0x5,0xc9,0xf1,0x38,0xd2,0x7b,0x5c,0xe4,
  0xc,0x97,0xa9,0x9,0x40,0x94,0x38,0xcf,0x56,0x8f,0x14,0x61,0xe1,0x6a,0xab,0xe6,
  0x49,0xc4,0x80,0x2d,0xcd,0x18,0x18,0xc9,0x75,0x82,0x66,0x87,0x24,0x9e,0xec,0x2c,
  0xec,0xff,0xaa,0x67,0x8,0x5c,0x36,0xcf,0x21,0x40,0xbf,0x35,0xe7,0xd1,0x2,0x11,
  0xf4,0x3e,0xd2,0x9d,0x5,0xfb,0x6d,0xea,0x9e,0xee,0xc,0xd8,0xe5,0x70,0x8c,0x4a,
  0x8a,0x15,0xd2,0xcf,0xa4,0x2d,0xa8,0x36,0x5c,0x63,0x98,0xb6,0x1b,0xaf,0x4a,0xcf,
  0xb4,0x2f,0x5a,0xf4,0xd5,0x3d,0x11,0x8,0x1a,0x4d,0x47,0x55,0x32,0x85,0x85,0xc2,
  0x0,0x8e,0x28,0x34,0x95,0xe8,0xb0,0xe7,0x1a,0x3,0x23,0xc9,0x48,0xd0,0x1c,0xa3,
  0x1d,0xd9,0xca,0xb2,0x85,0x9f,0x65,0x6e,0xc2,0x66,0x2c,0xb7,0x53,0xd8,0x19,0x44,
  0x6,0x14,0x63,0x5a,0x38,0x41,0xea,0x34,0x96,0x9c,0xcb,0x9c,0x8b,0xc3,0x2e,0x87,
  0x61,0x4c,0xd2,0x35,0xe5,0xde,0x32,0x74,0x21,0xaa,0x95,0x53,0xb7,0xaa,0xed,0x8d,
  0x7d,0xc8,0xba,0xc2,0xc3,0x99,0x7a,0x64,0x1d,0x3,0x23,0x79,0x49,0xac,0x80,0xd6,
  0xc6,0x91,0xb9,0x4,0x66,0x73,0x9e,0x50,0x72,0x9b,0x61,0x8b,0x96,0xfc,0xc4,0xb3,
  0x9,0xce,0x59,0x79,0xb,0xda,0x70,0x71,0x12,0x3f,0x68,0x34,0xd9,0xcc,0x9d,0x8b,
  0xc1,0x21,0x87,0x61,0x24,0xfb,0x19,0x34,0x2c,0xfb,0x19,0x5c,0x24,0xbd,0x19,0x72,
  0x58,0xfe,0x33,0x24,0xb5,0x16,0xa6,0x8b,0x65,0x40,0x43,0x5b,0xb9,0xfc,0xbb,0x1d,
  0xf,0x8c,0x51,0xcd,0x88,0xbe,0xda,0x91,0x7b,0xc,0x8c,0x64,0x27,0x1,0x67,0x4d,
  0xce,0x4b,0xfe,0x12,0x4f,0xc0,0x46,0x1a,0x9e,0xe1,0xac,0x69,0xc9,0xc6,0xe3,0x39,
  0xd0,0x9a,0x50,0x82,0x55,0x8e,0x16,0x43,0x6b,0x35,0x82,0x46,0xe7,0xf8,0xd0,0xb9,
  0x38,0xec,0x72,0x38,0x46,0xb2,0x93,0x4e,0xc3,0xf3,0x97,0xce,0x45,0x33,0x9c,0x2e,
  0x87,0xe7,0x40,0x21,0x69,0xdf,0x23,0x5a,0x40,0x17,0xdc,0xf2,0x7,0xd,0xd7,0x56,
  0xb9,0xdc,0x8c,0x87,0x8c,0x11,0xcd,0xf4,0xd8,0x47,0xee,0xd1,0x31,0x9a,0x9d,0xa4,
  0x93,0x84,0x94,0x1a,0x78,0xfe,0xb2,0xa2,0x42,0x13,0x55,0x69,0xba,0xa,0x42,0x36,
  0x5b,0x27,0xd0,0x2f,0xa7,0x7a,0xb4,0xc0,0x83,0x90,0x76,0xd2,0x40,0x69,0xc1,0x18,
  0xc1,0xc5,0xe0,0x90,0xc3,0x31,0x92,0x9d,0x74,0x1a,0x9e,0xbf,0x74,0x2e,0xea,0x9d,
  0x5c,0xe,0xf7,0x5f,0x2e,0xa9,0xb5,0x30,0x5d,0x82,0x86,0xeb,0xaf,0x5c,0x6e,0xc6,
  0xe3,0x8d,0xfb,0x38,0x47,0xee,0x52,0xf3,0xd8,0x7,0xce,0x87,0x90,0x1a,0xbb,0xc9,
  0x3,0xcc,0x94,0xcc,0xd2,0xb,0xdb,0x7f,0x6a,0xe3,0x11,0xc6,0x7b,0xc1,0x5b,0x6d,
  0xe4,0x8a,0x11,0xd1,0x6f,0xf3,0xab,0x83,0x2b,0x8e,0x2a,0xd7,0x2f,0xc2,0xbf,0xa5,
  0xa1,0xb5,0x82,0xea,0xcf,0x70,0x5f,0x3b,0xb9,0xd8,0xaf,0xd6,0x76,0xc0,0x99,0xf9,
  0x9c,0x2d,0x68,0x3c,0xe6,0x54,0x9a,0x99,0x33,0x14,0x53,0x77,0x0,0xe2,0x8b,0xac,
  0x9e,0x56,0xa7,0xb1,0x86,0x5a,0xc0,0x28,0xe5,0x63,0xf0,0xd6,0x33,0xa5,0xa3,0x5,
  0xc5,0xea,0x4d,0xb2,0x1c,0x3d,0x77,0x5d,0xef,0x58,0xf9,0x5c,0x45,0x89,0x97,0xb,
  0xd0,0xe,0xd5,0x56,0x38,0x1d,0x35,0xd7,0x77,0x4b,0xfe,0xa7,0x14,0xf3,0x44,0x5c,
  0x4f,0x45,0xa1,0xfe,0x1c,0xe2,0x67,0x56,0x97,0xa,0xad,0x5e,0xcc,0x5b,0x73,0xf1,
  0x88,0x96,0x68,0xf1,0x1e,0x51,0x2,0x86,0x7d,0x24,0x29,0x4f,0x51,0xc,0x5e,0x71,
  0x72,0xb5,0x21,0x5e,0x20,0x36,0xb1,0xc2,0x2a,0x6b,0xa8,0x4b,0xfd,0xbe,0xc3,0xc8,
  0x87,0xf0,0xce,0x13,0x98,0xc2,0x3b,0x1f,0x68,0x6c,0xae,0xb6,0x23,0x3c,0x87,0xc8,
  0xc0,0x20,0x63,0xcd,0x95,0x5f,0x14,0x6f,0x82,0x6b,0x9a,0x52,0x26,0xb,0xff,0xfe,
  0x72,0x67,0x15,0xb2,0xee,0xba,0xac,0x45,0x2f,0xe3,0xb,0x8c,0xd4,0xf9,0x55,0xae,
  0xc6,0xc8,0x47,0x21,0x20,0x6c,0x73,0xa4,0xe9,0x23,0xd,0x6b,0x66,0x7b,0xf7,0xb9,
  0x80,0xbd,0xef,0x56,0x8f,0x16,0x59,0xfc,0xca,0x41,0x23,0xc9,0xf3,0xc,0xe7,0x62,
  0x70,0xc8,0x61,0x18,0xa9,0xf7,0xb,0x1a,0x56,0x10,0xe8,0x5c,0xb4,0x62,0xd0,0xe5,
  0xf0,0x92,0x42,0x48,0xda,0x91,0x83,0xf6,0x16,0xa8,0xd7,0x68,0x57,0x34,0x4c,0x5b,
  0xe3,0x72,0x3d,0x1e,0x32,0x46,0x1b,0xef,0x32,0x8f,0xaa,0xbe,0xc0,0x48,0xd9,0x5f,
  0xcd,0x4b,0x32,0x7a,0x5e,0x17,0x88,0x7,0x78,0xbc,0xe2,0xb5,0x70,0x30,0x64,0xb3,
  0xca,0x42,0xf6,0x93,0x88,0x8b,0xac,0x45,0xc2,0x29,0xb3,0x9f,0x34,0x92,0xda,0xb8,
  0x71,0x71,0xd8,0xe5,0x70,0x8c,0x54,0xff,0x39,0xd,0xaf,0xf,0x74,0x2e,0x66,0x7b,
  0x3e,0x57,0x6e,0x9d,0x26,0xa9,0xb7,0x50,0x5d,0xe,0x1a,0xa6,0xad,0x72,0xb9,0x19,
  0xf,0x1e,0x23,0xc4,0xa6,0xed,0x6a,0xfe,0x1c,0xa3,0x33,0x5c,0x93,0x54,0x7,0x85,
  0xd,0x94,0xcd,0x77,0xd4,0x6e,0x25,0x88,0x44,0x74,0xd5,0xeb,0xfc,0x15,0xd4,0x6e,
  0xa7,0xa3,0x5,0xe9,0xbb,0xd2,0x15,0x8d,0x21,0x8f,0xff,0x8c,0x8b,0xc3,0x2e,0x87,
  0x63,0x74,0x86,0x9d,0x86,0xdb,0x80,0x71,0x31,0x2b,0x31,0x39,0xc2,0x8e,0x20,0x69,
  0x8a,0xda,0x54,0xd1,0x25,0x9f,0x34,0x5c,0x5b,0xe5,0x72,0x33,0x1e,0x32,0x46,0x58,
  0x49,0x67,0x79,0x6a,0x60,0x74,0x86,0x2b,0xde,0x84,0x9d,0xf5,0xa9,0xa0,0x33,0x5b,
  0x14,0xa8,0x86,0x6c,0x6e,0x47,0x14,0xad,0xb6,0x9c,0x8f,0x16,0x95,0x4b,0x96,0xf,
  0x1a,0x88,0x4d,0x66,0x14,0xa9,0x6,0xec,0x72,0x38,0x46,0x67,0xd8,0x68,0x84,0xd,
  0x18,0x17,0xb3,0x12,0x9f,0x2b,0xb7,0x23,0x93,0xd4,0x5a,0x98,0x2e,0x41,0xc3,0xb5,
  0x55,0x2e,0x37,0xe3,0xf1,0xb6,0x3d,0xe,0xfb,0x32,0xf2,0x5e,0x78,0xb6,0x91,0x7b,
  0xe3,0x1d,0xd,0x4f,0x97,0xdb,0x43,0x8c,0x3d,0x81,0x29,0xfc,0xc5,0x8b,0xf9,0x10,
  0x13,0xbd,0x50,0xe5,0x8e,0x7,0x2b,0xa8,0xb6,0x6e,0xea,0x7d,0xf9,0xc9,0x63,0x82,
  0x6e,0x58,0x89,0x8d,0xce,0xc0,0x95,0xe0,0xae,0x37,0x68,0xc0,0x8c,0x24,0x8f,0x60,
  0xf0,0x6a,0xe5,0x84,0xf3,0xae,0x57,0x2d,0x2a,0x3f,0xf,0x10,0x9a,0x85,0xdf,0xb9,
  0x20,0x91,0x21,0x5c,0x70,0x43,0x6b,0xf,0x61,0x58,0xc3,0x7a,0xbe,0x94,0x81,0x4f,
  0x5f,0x33,0x9e,0xd2,0x60,0xdf,0x9c,0x88,0x3a,0x71,0xf9,0xa0,0x67,0xc5,0x25,0xef,
  0x1a,0xf1,0xfc,0x8,0x57,0x75,0xd0,0xe,0x57,0x4d,0x88,0x5a,0xaa,0xeb,0x3b,0xe4,
  0x49,0x8f,0xbc,0x57,0xe3,0xdd,0x16,0x17,0x25,0x5b,0x4e,0x53,0xd5,0xea,0x4,0xf1,
  0xe8,0x27,0x6d,0x8d,0x81,0xea,0x8a,0x7,0x22,0xd8,0x6b,0xf0,0xa8,0x2e,0x1e,0x8c,
  0x20,0x6,0xe2,0x33,0xb7,0xb7,0x98,0xf2,0x58,0x4f,0x1f,0xdb,0xbd,0xf2,0x5c,0xcc,
  0x21,0xda,0xd4,0xbd,0xe,0xd8,0xae,0x81,0x2,0xd3,0xb8,0xf8,0x1d,0x30,0xb2,0xc7,
  0x18,0xf5,0x9c,0x25,0x9e,0x93,0x13,0x1a,0xb2,0x5b,0xd8,0xeb,0xc0,0xb5,0xb4,0xc6,
  0xcf,0xa4,0x72,0x93,0xa8,0xe6,0xda,0x2a,0xc4,0x7f,0x4f,0xae,0x42,0x3e,0x66,0x98,
  0xce,0x11,0x38,0xa7,0x3f,0xc2,0x98,0x5d,0x54,0x54,0xff,0xe1,0xc6,0xeb,0x1,0xc6,
  0x7b,0xe1,0xa9,0xef,0xdc,0xa7,0xa5,0x90,0x6f,0xcc,0xb8,0xc2,0x34,0x4b,0x21,0xb8,
  0xf3,0xe3,0x27,0xb7,0x94,0xc,0xaf,0x37,0xc2,0x52,0xe,0x58,0x2d,0xc5,0x31,0x6a,
  0x29,0xa0,0xd9,0xf7,0x69,0x29,0x19,0x8f,0x8f,0x6b,0x58,0xa,0x34,0x6c,0xfd,0xb4,
  0x94,0x3c,0xf8,0x6,0x3b,0x5a,0x74,0x9a,0xd3,0x79,0x58,0xa,0x76,0x82,0x35,0xb7,
  0x5b,0xa,0x6b,0x37,0xd3,0x61,0x29,0x86,0x9,0x4b,0x41,0x1f,0x3e,0x21,0x99,0xa5,
  0x10,0xd5,0x5a,0xd3,0x69,0x29,0xc8,0x7,0xee,0x1e,0x76,0x40,0x92,0xf2,0xe9,0x3f,
  0x2c,0x85,0xcf,0x52,0x47,0x8b,0x22,0x77,0x45,0x87,0xa5,0x94,0x26,0x4f,0x5d,0xcd,
  0x52,0x1c,0x76,0x4b,0x71,0x8c,0x5a,0xa,0x3e,0x1b,0x81,0x37,0x5b,0x61,0x29,0x44,
  0x15,0x85,0xf5,0x6e,0x29,0x5,0x37,0x35,0xf9,0xb4,0x94,0x1b,0xab,0x10,0xf,0x3d,
  0xe4,0xcd,0xaf,0xbf,0x2d,0xb,0x8c,0x3c,0x3e,0x83,0xcf,0x1a,0x6d,0x1f,0xaf,0xd3,
  0x80,0x49,0x6b,0xc4,0x48,0xe3,0xc,0xce,0xeb,0xda,0xe7,0x2,0x67,0xf0,0x52,0x8e,
  0x16,0x99,0x63,0xc8,0x93,0x46,0xe6,0x3a,0x88,0xe0,0x62,0x70,0xc8,0xa1,0x18,0x7d,
  0x84,0xe6,0x34,0xfc,0x95,0x9a,0x73,0xd1,0x67,0x6c,0x2e,0x87,0xbf,0x73,0x63,0x49,
  0x67,0x3f,0x5a,0x40,0x97,0x7a,0x45,0x43,0xb5,0x75,0x2e,0xd7,0xe3,0xc1,0x63,0xc4,
  0x5f,0xc7,0x58,0xc7,0x63,0x33,0xc7,0xe8,0x6b,0xb4,0x5a,0x97,0xbc,0xe2,0xf4,0xe7,
  0x6a,0xa0,0xc3,0xf,0x3d,0xf5,0x3d,0x5b,0xc8,0x66,0xf,0xde,0xb0,0xa3,0x76,0x3c,
  0xb3,0xb7,0x16,0x65,0x71,0x46,0xe1,0xa0,0x51,0xd4,0xc6,0x8d,0x8b,0xc1,0x21,0x87,
  0x63,0xe4,0x55,0x9a,0xd3,0xf0,0x67,0x6b,0xc6,0xc5,0x6d,0x4f,0xe5,0x38,0xac,0x53,
  0x25,0x8d,0x16,0xaa,0x4b,0xd0,0x70,0xfd,0x95,0xcb,0xcd,0x78,0xbc,0xf5,0xa4,0x96,
  0xf9,0x6e,0x3f,0xde,0xa1,0xb3,0x37,0xe6,0xe4,0xc2,0x3d,0xc6,0x1e,0xaf,0xe3,0xee,
  0x66,0x73,0xaf,0x7b,0x4c,0xf4,0x2a,0xf2,0xe,0xd3,0x1f,0xb4,0x17,0xce,0xf7,0x14,
  0x7f,0xd1,0xce,0xf7,0x1f,0xf0,0x55,0xfe,0xa4,0x1d,0xa7,0x9b,0xa,0x6f,0xa5,0x6f,
  0xda,0x3,0xb6,0x47,0xed,0x81,0x91,0x57,0xed,0x4c,0x13,0x4f,0x3,0xfd,0x59,0x3b,
  0xf3,0x2d,0xf1,0x7c,0x9a,0x35,0x9c,0xf1,0xce,0x5d,0xee,0x4c,0x46,0xea,0xd1,0x62,
  0xd1,0xe9,0xaf,0xd7,0xe3,0x69,0x3b,0xdf,0x3c,0xa5,0xee,0x6f,0xdb,0x59,0xbb,0xdd,
  0x8f,0xc7,0xed,0x81,0xb1,0xd7,0xed,0xdc,0x67,0x67,0x7f,0xde,0xe,0xaa,0xb3,0xf7,
  0xe3,0x7d,0x3b,0xdf,0xce,0x96,0x78,0x5d,0xcc,0x9f,0x4d,0x38,0x5e,0x1b,0xeb,0x3d,
  0x6a,0x3e,0x5b,0xc,0xbe,0x33,0x8c,0x37,0xee,0xbc,0xbf,0xa6,0xe4,0x8f,0xdc,0x3,
  0xb6,0x57,0xee,0x81,0x91,0x67,0xee,0xd8,0x6f,0x57,0xa9,0xc7,0x3b,0x77,0x60,0xe0,
  0x83,0xec,0xa1,0x3b,0xdf,0x54,0xf1,0x3b,0x6c,0x7b,0xe9,0x7e,0x6b,0x15,0xbc,0xee,
  0x68,0x37,0xb4,0x7,0xfe,0x78,0x27,0xf5,0xc2,0x11,0x45,0x5a,0xd2,0x6f,0xf3,0x6b,
  0x5d,0x6f,0x73,0x8f,0xd1,0x5e,0x42,0x49,0xe7,0xbf,0xc9,0x6b,0x37,0xdb,0xd9,0xf6,
  0x23,0x4c,0x50,0xca,0xf2,0xf6,0xed,0x11,0xa6,0x72,0xd,0xe6,0xd9,0xeb,0x1e,0x63,
  0x96,0x1a,0x32,0xde,0x63,0xbc,0x17,0x1e,0x9a,0xa4,0xfd,0x10,0x43,0xab,0x6d,0x65,
  0xc6,0x5c,0x6b,0xc1,0x9a,0x51,0x94,0xba,0x6d,0x64,0x65,0xc7,0x72,0x8c,0x3c,0xd6,
  0x7,0x5c,0x57,0x3d,0x5e,0xf3,0x63,0x2f,0x59,0x39,0xec,0x15,0x7b,0x49,0x5b,0xfd,
  0xb0,0x57,0xec,0x25,0xb9,0xf7,0xa3,0x5,0xc9,0x42,0xbb,0xfd,0x49,0x23,0x73,0x55,
  0x62,0x70,0x31,0x38,0xe4,0x50,0x8c,0xbe,0xd8,0x77,0x1a,0xfe,0xa6,0xdf,0xb9,0xe8,
  0xab,0x7f,0x97,0xc3,0xbf,0xb,0xc0,0x92,0xa6,0x7d,0xb4,0x20,0x5d,0xb0,0x4a,0xf,
  0x1a,0xaa,0xad,0x73,0xb9,0x1e,0xf,0xd9,0xe3,0x12,0xd7,0x58,0xc6,0xa3,0x7c,0xc7,
  0xe8,0xab,0x7d,0xf8,0x4d,0x14,0x24,0xc6,0xb3,0x7e,0x3e,0x33,0x61,0xa5,0xea,0xbb,
  0xff,0x90,0xcd,0x3e,0xc,0x80,0xfd,0xb5,0x22,0x66,0xb1,0x16,0xc8,0xea,0xec,0xf3,
  0xdb,0x2,0x88,0xc,0xd6,0x5c,0xc1,0xc5,0xe0,0x90,0xc3,0x31,0xf2,0x74,0xdf,0x69,
  0xf8,0xe3,0x7e,0xe7,0xa2,0xeb,0x33,0xe6,0xca,0x56,0xb0,0x4b,0xea,0x2d,0x54,0x97,
  0xa0,0xe1,0xfa,0x2b,0x97,0x9b,0xf1,0x78,0xa3,0xff,0x1e,0x53,0xe2,0x2c,0x94,0xa2,
  0x64,0xbe,0x43,0x42,0x2,0x14,0x51,0xfb,0x3d,0x6,0x79,0x62,0x7e,0xee,0x2f,0x9,
  0xfa,0xf4,0x8,0x13,0xbd,0xe8,0xb4,0xd6,0x70,0x5b,0xb6,0xf8,0x83,0x3d,0x4f,0x92,
  0x49,0x2c,0xfc,0x61,0x99,0xca,0xaf,0x7c,0x39,0xb3,0x8,0xff,0xb1,0xa,0x67,0xa1,
  0xa4,0x5,0x7f,0xbc,0x5,0x15,0x90,0x9c,0x4,0xf,0x38,0x6b,0xd9,0x85,0x61,0x10,
  0xe3,0xb,0xd,0xf8,0x5,0xce,0x32,0xca,0x2e,0x1,0xbe,0xc8,0x7,0xe8,0x87,0x77,
  0xa0,0x61,0x81,0x3f,0xf3,0x4f,0xf3,0x70,0x5a,0x1a,0x92,0x79,0xb,0x44,0x40,0x95,
  0x69,0x24,0xf1,0xb4,0x48,0xc6,0x57,0xa1,0xda,0x60,0xa1,0xa4,0xdd,0x40,0xe4,0xbc,
  0xe4,0xed,0xdd,0x4b,0x60,0x50,0x42,0xa3,0x35,0xa,0xe4,0xcd,0xe0,0x9d,0x9,0xc3,
  0x3e,0x18,0xef,0xa5,0x97,0xb4,0x48,0x63,0x2b,0x5f,0xfe,0xf4,0x8e,0x7e,0x66,0x6,
  0x92,0xa6,0xab,0xf,0xd1,0x14,0x3a,0xf3,0xe2,0x59,0xb2,0xb7,0x40,0x26,0x10,0x9f,
  0x6,0x98,0xfc,0x71,0xa9,0x27,0x49,0x46,0xa3,0xda,0x5,0xb2,0x57,0xee,0xab,0x30,
  0x6a,0x6e,0xcb,0x3c,0x5b,0x2c,0x79,0xf,0x84,0x4,0x37,0xef,0x4e,0x4b,0x4e,0x85,
  0x92,0xb1,0x9d,0x53,0x3e,0x5e,0x53,0x70,0xd3,0x38,0x93,0xec,0xcf,0xb,0x37,0xd,
  0xbc,0x3b,0xdd,0x58,0x85,0x64,0xd7,0x90,0x81,0x4b,0xd2,0x4b,0x72,0x18,0xa0,0x58,
  0xaa,0x63,0x30,0x8f,0x1c,0x9,0xa3,0x3e,0x55,0x72,0x94,0x26,0xc3,0xd2,0x48,0xcd,
  0xe1,0xc9,0xbb,0xcf,0xd9,0x42,0x67,0xcd,0x69,0x6c,0xbe,0x85,0x3f,0xb9,0x6c,0x89,
  0x86,0x5c,0xe,0x81,0x5f,0x99,0x7a,0x49,0x67,0x8b,0xce,0xcf,0x34,0x4f,0x1a,0x83,
  0x9f,0x3b,0x7,0x17,0x83,0x43,0xe,0xc3,0x98,0xa4,0x46,0x23,0x74,0x31,0x2e,0xa6,
  0xed,0xf5,0x78,0x58,0x6,0x92,0x2d,0x1c,0x75,0xb9,0x72,0x5a,0x75,0xcc,0xe6,0x5d,
  0x55,0xf6,0x79,0xb1,0x47,0x7c,0xce,0xa6,0xb3,0xc,0x5,0xab,0x80,0x66,0x74,0x2e,
  0xcb,0x6c,0x55,0xc5,0xa0,0x3e,0x1a,0x9c,0x7b,0xd,0x58,0xc6,0x44,0x3e,0x69,0x64,
  0x2d,0x8a,0x14,0xef,0x80,0xcb,0xb2,0x71,0x1d,0xf8,0x88,0xcb,0xb2,0xb9,0xcd,0xfa,
  0xc1,0x22,0xb1,0x5b,0xc9,0xbb,0x67,0x1e,0x2d,0xdc,0x19,0x4b,0xe2,0x7d,0xf3,0x8,
  0xc8,0xa9,0x5d,0xb8,0xf0,0x59,0x74,0x65,0xce,0xbf,0x40,0x53,0x94,0xb3,0x18,0x2c,
  0xb9,0xd1,0xc2,0xfc,0xad,0x5,0x4e,0xc0,0xb2,0xe6,0x53,0xae,0x1a,0x2b,0x15,0xed,
  0xcb,0x5f,0xb,0x72,0x78,0xf0,0xf3,0xe8,0xb3,0xc5,0x16,0x8b,0x46,0x7e,0x15,0xeb,
  0x86,0x33,0x51,0x36,0x37,0x78,0x98,0x64,0x9f,0x89,0x2,0x2d,0x9c,0x2b,0xe3,0x43,
  0x52,0xd0,0x92,0xd7,0x8d,0xb5,0x98,0x9b,0xdf,0x8a,0xf3,0x87,0xa4,0x24,0x47,0x8b,
  0xef,0x25,0xe5,0xaa,0x99,0xc6,0x7c,0xc0,0x4d,0x5f,0xdc,0x7,0x86,0xfa,0x6c,0x99,
  0x1f,0xe4,0x79,0x31,0xc6,0x99,0x6f,0xaa,0x58,0x4b,0x9e,0xcb,0xce,0x9e,0x17,0xf3,
  0x92,0x72,0x72,0x58,0x24,0xcd,0xdc,0xc7,0x5a,0xc8,0x27,0xb5,0xd8,0x7,0x28,0xd,
  0x9b,0xfd,0xc1,0xd1,0xf6,0xad,0xc5,0x48,0x7c,0x93,0x25,0x7a,0xf5,0xf,0x81,0x5,
  0x46,0x3e,0x15,0x6,0x98,0x3f,0x85,0xe4,0x1f,0x13,0xe3,0x3b,0xfa,0x76,0x78,0xbd,
  0x2d,0x2b,0xf7,0xf0,0x7a,0x14,0xb5,0xcd,0x75,0x78,0x3d,0xbe,0x37,0x6a,0x7,0xd,
  0xb9,0x5f,0xaf,0xce,0x25,0x60,0x93,0x23,0x30,0xaa,0x97,0xd1,0xf0,0x8f,0x89,0x39,
  0x17,0xfd,0xdc,0x98,0xcb,0xe1,0x1f,0x24,0x63,0x49,0x51,0xe3,0xa8,0x18,0xd6,0x5,
  0x31,0xaa,0xd3,0x8,0x6d,0x85,0xcb,0xed,0x78,0xc8,0x18,0x75,0xce,0x14,0xc7,0x87,
  0xc0,0x2,0x23,0x9f,0xa,0xe3,0xf,0xc5,0xe1,0x13,0x6d,0xfe,0x31,0x31,0xce,0x30,
  0x70,0xfd,0x81,0x5a,0x89,0xc9,0x16,0x76,0x84,0x8c,0x79,0xeb,0x47,0xb,0x5a,0xdb,
  0xe5,0xfc,0xa8,0x19,0x7e,0xc1,0x9b,0x4a,0xe3,0x12,0xb0,0xc9,0x11,0x18,0xf9,0x54,
  0x98,0xd3,0xf0,0x8f,0x89,0x39,0x17,0xf3,0xf2,0x3e,0x57,0xb6,0xf,0xb8,0xa4,0x8a,
  0x71,0x5d,0x9c,0x46,0x68,0x2b,0x5c,0x6e,0xc7,0xe3,0x8d,0x8f,0x61,0xf8,0x73,0x19,
  0x12,0x53,0x50,0x4,0xc2,0x2f,0xb,0x70,0xef,0x33,0x1f,0x61,0xf0,0xc6,0x89,0x3f,
  0xb6,0x83,0xd7,0xb,0x7c,0xba,0xc1,0x3b,0x1f,0xfe,0xba,0x10,0xa,0xdb,0x97,0x7e,
  0x84,0xcc,0x30,0xe4,0x5d,0xb2,0x7c,0xb3,0x9,0xaf,0x0,0x80,0x99,0xb2,0xeb,0xf4,
  0xc5,0xe7,0x1c,0xa1,0x83,0x9c,0xd0,0x81,0x71,0x5e,0xfc,0x89,0xe3,0x2b,0x4c,0xb4,
  0x51,0x99,0xef,0x31,0x2a,0xb3,0xd4,0xfe,0xa3,0x7c,0xc,0xf1,0xd4,0xf6,0xe2,0x78,
  0xdc,0xca,0x55,0x89,0x97,0x70,0x8f,0x8e,0xba,0xa,0x8d,0x75,0x25,0xaf,0xce,0xf5,
  0xf2,0x55,0xce,0x95,0x1b,0x3b,0xf,0xca,0xf8,0xf8,0xdc,0x25,0xf0,0x2b,0xdf,0x7c,
  0xb4,0x7c,0xb6,0xa8,0x7a,0xde,0x23,0x5a,0x52,0xaf,0xa2,0xb7,0x61,0x88,0xf7,0x93,
  0xdd,0xbf,0x30,0x5c,0xd8,0x67,0xbc,0x1c,0x18,0x93,0x9f,0xcf,0xe8,0x65,0x3f,0xc4,
  0x14,0xce,0x58,0xbc,0xea,0x39,0x5e,0xa2,0x50,0x3e,0x1d,0x2,0x86,0x3f,0xc3,0xf8,
  0x4a,0xd,0x1e,0x63,0x64,0xc4,0x7b,0x4e,0x57,0x30,0xf9,0xe5,0xab,0x16,0x59,0xe2,
  0xb0,0xa4,0x9f,0xbb,0xeb,0x89,0xef,0x2f,0x5f,0x19,0xc3,0x27,0xcb,0xae,0xdf,0x1a,
  0xd0,0x17,0x4,0x6,0xcb,0x28,0xae,0x7e,0xb6,0x40,0x9c,0x2a,0x5f,0xf4,0x92,0x5a,
  0x40,0x8c,0x3c,0xdf,0x5d,0xab,0xbd,0x30,0xdc,0xf5,0xc4,0x30,0xf8,0x8d,0xaa,0x63,
  0x7c,0x6,0x51,0xc0,0xc9,0x5f,0xa,0xbb,0xc7,0xd8,0x8,0x4,0x46,0xa4,0xe7,0xf7,
  0x21,0x7a,0xb2,0x12,0xe9,0x81,0xc9,0x65,0x1e,0xb2,0x55,0x2d,0x77,0xc,0xe9,0xb,
  0x17,0x88,0x46,0xb,0x99,0x15,0x91,0x5e,0x68,0x64,0xf1,0xfe,0x2c,0xfd,0x3e,0xe0,
  0x6a,0x96,0xed,0x98,0xb0,0x63,0xc4,0x64,0xf5,0x11,0x26,0xd6,0x83,0xf5,0x7a,0x80,
  0xd9,0x9c,0xc1,0x17,0xe9,0x72,0x92,0xaf,0xa1,0x41,0x23,0xc0,0x7c,0x57,0x46,0x70,
  0x6d,0xf2,0xe6,0xa6,0x72,0xc6,0xc1,0xec,0xf,0x1a,0x77,0xfe,0x38,0x9f,0x59,0x28,
  0x9e,0xc1,0xf0,0x5d,0xaf,0xb7,0xc0,0x93,0x11,0xe1,0xdb,0x72,0xd7,0xf9,0x49,0xfa,
  0x71,0xb3,0x8d,0x57,0xe2,0x37,0x2b,0x85,0xe3,0x99,0x8c,0x4f,0x5f,0x25,0x39,0x6b,
  0x2c,0x79,0x75,0x81,0x2f,0xa0,0xe5,0x13,0x43,0xe7,0xd8,0xce,0x15,0xce,0x9b,0x6b,
  0x70,0x5f,0xf8,0xae,0x78,0xf0,0x9a,0x77,0xcc,0xd,0x1d,0x79,0x44,0x51,0xf9,0x1b,
  0x11,0xc7,0x8a,0x70,0x8c,0xdb,0x3f,0xbf,0xa4,0x6e,0xf,0x31,0x93,0xef,0x83,0x4f,
  0xc,0xcd,0xb2,0x94,0x74,0x3a,0xa6,0xf0,0xc3,0x32,0xc0,0xfc,0xa5,0x40,0xd4,0x7e,
  0x4b,0x4d,0x33,0x30,0xd8,0x75,0xbb,0x96,0x63,0x16,0xbc,0xcb,0x15,0x6b,0xde,0x72,
  0x4f,0x84,0x3b,0xec,0x2d,0xb7,0x5,0x83,0xbf,0x5b,0xb6,0xf5,0x5b,0x73,0xc9,0xf6,
  0xa,0xd4,0x6e,0x8d,0xb0,0xa1,0x92,0xb5,0x76,0xde,0xad,0xac,0x64,0x1a,0xfb,0x59,
  0x8f,0x16,0xb8,0xfd,0x57,0x2b,0x93,0xa8,0x4,0x27,0xc6,0xa6,0x9f,0xda,0xc3,0x88,
  0x39,0x6c,0x56,0x16,0x18,0x1f,0x81,0x2c,0x75,0xf,0xf,0x30,0xee,0xab,0xbd,0xd7,
  0x3,0x8c,0x59,0x19,0xa4,0xe1,0x79,0x83,0x95,0xf1,0x57,0xd5,0x16,0xbf,0x4c,0x65,
  0x2b,0x93,0x2a,0x2d,0xbb,0xb7,0x37,0x2f,0x87,0x51,0x2a,0xa7,0x95,0xe1,0x1,0xa,
  0x4a,0x63,0xa3,0x5,0x79,0x25,0xf5,0xa5,0xea,0x7,0x7d,0x4e,0xd5,0xf,0xde,0xcc,
  0xfa,0xe7,0xec,0x53,0xf8,0xbf,0x99,0xf8,0xc3,0xff,0x3,0x74,0x48,0x53,0x3,
    // X:/QmlIVI/resources/Images/speedo/speedo_needle.svg
  0x0,0x0,0x0,0xd1,
  0x3c,
  0x3f,0x78,0x6d,0x6c,0x20,0x76,0x65,0x72,0x73,0x69,0x6f,0x6e,0x3d,0x22,0x31,0x2e,
  0x30,0x22,0x20,0x65,0x6e,0x63,0x6f,0x64,0x69,0x6e,0x67,0x3d,0x22,0x55,0x54,0x46,
  0x2d,0x38,0x22,0x3f,0x3e,0xa,0x3c,0x73,0x76,0x67,0x20,0x76,0x69,0x65,0x77,0x42,
  0x6f,0x78,0x3d,0x22,0x30,0x20,0x30,0x20,0x34,0x30,0x30,0x20,0x34,0x30,0x30,0x22,
  0x20,0x78,0x6d,0x6c,0x6e,0x73,0x3d,0x22,0x68,0x74,0x74,0x70,0x3a,0x2f,0x2f,0x77,
  0x77,0x77,0x2e,0x77,0x33,0x2e,0x6f,0x72,0x67,0x2f,0x32,0x30,0x30,0x30,0x2f,0x73,
  0x76,0x67,0x22,0x3e,0xa,0x3c,0x70,0x61,0x74,0x68,0x20,0x64,0x3d,0x22,0x4d,0x20,
  0x32,0x30,0x30,0x2c,0x33,0x30,0x20,0x4c,0x20,0x32,0x30,0x34,0x2e,0x38,0x2c,0x32,
  0x30,0x30,0x20,0x4c,0x20,0x32,0x30,0x33,0x2e,0x32,0x2c,0x32,0x32,0x31,0x2e,0x35,
  0x20,0x4c,0x20,0x32,0x30,0x30,0x2c,0x32,0x32,0x37,0x20,0x4c,0x20,0x31,0x39,0x36,
  0x2e,0x38,0x2c,0x32,0x32,0x31,0x2e,0x35,0x20,0x4c,0x20,0x31,0x39,0x35,0x2e,0x32,
  0x2c,0x32,0x30,0x30,0x20,0x5a,0x22,0x20,0x66,0x69,0x6c,0x6c,0x3d,0x22,0x23,0x46,
  0x46,0x33,0x42,0x33,0x30,0x22,0x20,0x2f,0x3e,0xa,0x3c,0x2f,0x73,0x76,0x67,0x3e,
  
    // X:/QmlIVI/resources/Images/speedo/speedo_case.svg
  0x0,0x0,0x1,0xf1,
  0x3c,
  0x3f,0x78,0x6d,0x6c,0x20,0x76,0x65,0x72,0x73,0x69,0x6f,0x6e,0x3d,0x22,0x31,0x2e,
  0x30,0x22,0x20,0x65,0x6e,0x63,0x6f,0x64,0x69,0x6e,0x67,0x3d,0x22,0x55,0x54,0x46,
  0x2d,0x38,0x22,0x3f,0x3e,0xa,0x3c,0x73,0x76,0x67,0x20,0x76,0x69,0x65,0x77,0x42,
  0x6f,0x78,0x3d,0x22,0x30,0x20,0x30,0x20,0x34,0x30,0x30,0x20,0x34,0x30,0x30,0x22,
  0x20,0x78,0x6d,0x6c,0x6e,0x73,0x3d,0x22,0x68,0x74,0x74,0x70,0x3a,0x2f,0x2f,0x77,
  0x77,0x77,0x2e,0x77,0x33,0x2e,0x6f,0x72,0x67,0x2f,0x32,0x30,0x30,0x30,0x2f,0x73,
  0x76,0x67,0x22,0x3e,0xa,0x3c,0x64,0x65,0x66,0x73,0x3e,0xa,0x3c,0x6c,0x69,0x6e,
  0x65,0x61,0x72,0x47,0x72,0x61,0x64,0x69,0x65,0x6e,0x74,0x20,0x69,0x64,0x3d,0x22,
  0x63,0x68,0x72,0x6f,0x6d,0x65,0x22,0x20,0x78,0x31,0x3d,0x22,0x30,0x25,0x22,0x20,
  0x79,0x31,0x3d,0x22,0x30,0x25,0x22,0x20,0x78,0x32,0x3d,0x22,0x30,0x25,0x22,0x20,
  0x79,0x32,0x3d,0x22,0x31,0x30,0x30,0x25,0x22,0x3e,0xa,0x3c,0x73,0x74,0x6f,0x70,
  0x20,0x6f,0x66,0x66,0x73,0x65,0x74,0x3d,0x22,0x30,0x25,0x22,0x20,0x73,0x74,0x6f,
  0x70,0x2d,0x63,0x6f,0x6c,0x6f,0x72,0x3d,0x22,0x23,0x36,0x36,0x36,0x36,0x36,0x36,
  0x22,0x2f,0x3e,0xa,0x3c,0x73,0x74,0x6f,0x70,0x20,0x6f,0x66,0x66,0x73,0x65,0x74,
  0x3d,0x22,0x35,0x30,0x25,0x22,0x20,0x73,0x74,0x6f,0x70,0x2d,0x63,0x6f,0x6c,0x6f,
  0x72,0x3d,0x22,0x23,0x43,0x43,0x43,0x43,0x43,0x43,0x22,0x2f,0x3e,0xa,0x3c,0x73,
  0x74,0x6f,0x70,0x20,0x6f,0x66,0x66,0x73,0x65,0x74,0x3d,0x22,0x31,0x30,0x30,0x25,
  0x22,0x20,0x73,0x74,0x6f,0x70,0x2d,0x63,0x6f,0x6c,0x6f,0x72,0x3d,0x22,0x23,0x36,
  0x36,0x36,0x36,0x36,0x36,0x22,0x2f,0x3e,0xa,0x3c,0x2f,0x6c,0x69,0x6e,0x65,0x61,
  0x72,0x47,0x72,0x61,0x64,0x69,0x65,0x6e,0x74,0x3e,0xa,0x3c,0x2f,0x64,0x65,0x66,
  0x73,0x3e,0xa,0x3c,0x70,0x61,0x74,0x68,0x20,0x64,0x3d,0x22,0x4d,0x20,0x32,0x30,
  0x30,0x2c,0x30,0x20,0x41,0x20,0x32,0x30,0x30,0x2c,0x32,0x30,0x30,0x20,0x30,0x20,
  0x31,0x20,0x31,0x20,0x32,0x30,0x30,0x2c,0x34,0x30,0x30,0x20,0x41,0x20,0x32,0x30,
  0x30,0x2c,0x32,0x30,0x30,0x20,0x30,0x20,0x31,0x20,0x31,0x20,0x32,0x30,0x30,0x2c,
  0x30,0x20,0x5a,0x20,0x4d,0x20,0x32,0x30,0x30,0x2c,0x31,0x35,0x20,0x41,0x20,0x31,
  0x38,0x35,0x2c,0x31,0x38,0x35,0x20,0x30,0x20,0x31,0x20,0x30,0x20,0x32,0x30,0x30,
  0x2c,0x33,0x38,0x35,0x20,0x41,0x20,0x31,0x38,0x35,0x2c,0x31,0x38,0x35,0x20,0x30,
  0x20,0x31,0x20,0x30,0x20,0x32,0x30,0x30,0x2c,0x31,0x35,0x20,0x5a,0x22,0x20,0x66,
  0x69,0x6c,0x6c,0x3d,0x22,0x75,0x72,0x6c,0x28,0x23,0x63,0x68,0x72,0x6f,0x6d,0x65,
  0x29,0x22,0x20,0x66,0x69,0x6c,0x6c,0x2d,0x72,0x75,0x6c,0x65,0x3d,0x22,0x65,0x76,
  0x65,0x6e,0x6f,0x64,0x64,0x22,0x20,0x2f,0x3e,0xa,0x3c,0x2f,0x73,0x76,0x67,0x3e,
  
    // X:/QmlIVI/resources/Images/temp/temp_face.svg
  0x0,0x0,0x14,0xa4,
  0x3c,
  0x3f,0x78,0x6d,0x6c,0x20,0x76,0x65,0x72,0x73,0x69,0x6f,0x6e,0x3d,0x22,0x31,0x2e,
  0x30,0x22,0x20,0x65,0x6e,0x63,0x6f,0x64,0x69,0x6e,0x67,0x3d,0x22,0x55,0x54,0x46,
  0x2d,0x38,0x22,0x3f,0x3e,0xa,0x3c,0x73,0x76,0x67,0x20,0x76,0x69,0x65,0x77,0x42,
  0x6f,0x78,0x3d,0x22,0x30,0x20,0x30,0x20,0x32,0x30,0x30,0x20,0x32,0x30,0x30,0x22,
  0x20,0x78,0x6d,0x6c,0x6e,0x73,0x3d,0x22,0x68,0x74,0x74,0x70,0x3a,0x2f,0x2f,0x77,
  0x77,0x77,0x2e,0x77,0x33,0x2e,0x6f,0x72,0x67,0x2f,0x32,0x30,0x30,0x30,0x2f,0x73,
  0x76,0x67,0x22,0x3e,0xa,0x3c,0x63,0x69,0x72,0x63,0x6c,0x65,0x20,0x63,0x78,0x3d,
  0x22,0x31,0x30,0x30,0x22,0x20,0x63,0x79,0x3d,0x22,0x31,0x30,0x30,0x22,0x20,0x72,
  0x3d,0x22,0x39,0x37,0x22,0x20,0x66,0x69,0x6c,0x6c,0x3d,0x22,0x23,0x30,0x44,0x30,
  0x44,0x30,0x44,0x22,0x20,0x2f,0x3e,0xa,0x3c,0x6c,0x69,0x6e,0x65,0x20,0x78,0x31,
  0x3d,0x22,0x32,0x30,0x2e,0x37,0x39,0x34,0x22,0x20,0x79,0x31,0x3d,0x22,0x37,0x38,
  0x2e,0x37,0x37,0x37,0x22,0x20,0x78,0x32,0x3d,0x22,0x32,0x38,0x2e,0x35,0x32,0x31,
  0x22,0x20,0x79,0x32,0x3d,0x22,0x38,0x30,0x2e,0x38,0x34,0x37,0x22,0x20,0x73,0x74,
  0x72,0x6f,0x6b,0x65,0x3d,0x22,0x23,0x46,0x46,0x36,0x42,0x33,0x35,0x22,0x20,0x73,
  0x74,0x72,0x6f,0x6b,0x65,0x2d,0x77,0x69,0x64,0x74,0x68,0x3d,0x22,0x31,0x2e,0x38,
  0x22,0x20,0x73,0x74,0x72,0x6f,0x6b,0x65,0x2d,0x6c,0x69,0x6e,0x65,0x63,0x61,0x70,
  0x3d,0x22,0x72,0x6f,0x75,0x6e,0x64,0x22,0x20,0x2f,0x3e,0xa,0x3c,0x6c,0x69,0x6e,
  0x65,0x20,0x78,0x31,0x3d,0x22,0x34,0x37,0x2e,0x32,0x39,0x31,0x22,0x20,0x79,0x31,
  0x3d,0x22,0x33,0x37,0x2e,0x31,0x38,0x34,0x22,0x20,0x78,0x32,0x3d,0x22,0x35,0x36,
  0x2e,0x32,0x39,0x30,0x22,0x20,0x79,0x32,0x3d,0x22,0x34,0x37,0x2e,0x39,0x30,0x39,
  0x22,0x20,0x73,0x74,0x72,0x6f,0x6b,0x65,0x3d,0x22,0x23,0x46,0x46,0x36,0x42,0x33,
  0x35,0x22,0x20,0x73,0x74,0x72,0x6f,0x6b,0x65,0x2d,0x77,0x69,0x64,0x74,0x68,0x3d,
  0x22,0x32,0x2e,0x38,0x22,0x20,0x73,0x74,0x72,0x6f,0x6b,0x65,0x2d,0x6c,0x69,0x6e,
  0x65,0x63,0x61,0x70,0x3d,0x22,0x72,0x6f,0x75,0x6e,0x64,0x22,0x20,0x2f,0x3e,0xa,
  0x3c,0x6c,0x69,0x6e,0x65,0x20,0x78,0x31,0x3d,0x22,0x31,0x30,0x30,0x2e,0x30,0x30,
  0x30,0x22,0x20,0x79,0x31,0x3d,0x22,0x31,0x38,0x2e,0x30,0x30,0x30,0x22,0x20,0x78,
  0x32,0x3d,0x22,0x31,0x30,0x30,0x2e,0x30,0x30,0x30,0x22,0x20,0x79,0x32,0x3d,0x22,
  0x33,0x32,0x2e,0x30,0x30,0x30,0x22,0x20,0x73,0x74,0x72,0x6f,0x6b,0x65,0x3d,0x22,
  0x23,0x46,0x46,0x36,0x42,0x33,0x35,0x22,0x20,0x73,0x74,0x72,0x6f,0x6b,0x65,0x2d,
  0x77,0x69,0x64,0x74,0x68,0x3d,0x22,0x32,0x2e,0x38,0x22,0x20,0x73,0x74,0x72,0x6f,
  0x6b,0x65,0x2d,0x6c,0x69,0x6e,0x65,0x63,0x61,0x70,0x3d,0x22,0x72,0x6f,0x75,0x6e,
  0x64,0x22,0x20,0x2f,0x3e,0xa,0x3c,0x6c,0x69,0x6e,0x65,0x20,0x78,0x31,0x3d,0x22,
  0x31,0x35,0x32,0x2e,0x37,0x30,0x39,0x22,0x20,0x79,0x31,0x3d,0x22,0x33,0x37,0x2e,
  0x31,0x38,0x34,0x22,0x20,0x78,0x32,0x3d,0x22,0x31,0x34,0x33,0x2e,0x37,0x31,0x30,
  0x22,0x20,0x79,0x32,0x3d,0x22,0x34,0x37,0x2e,0x39,0x30,0x39,0x22,0x20,0x73,0x74,
  0x72,0x6f,0x6b,0x65,0x3d,0x22,0x23,0x46,0x46,0x36,0x42,0x33,0x35,0x22,0x20,0x73,
  0x74,0x72,0x6f,0x6b,0x65,0x2d,0x77,0x69,0x64,0x74,0x68,0x3d,0x22,0x32,0x2e,0x38,
  0x22,0x20,0x73,0x74,0x72,0x6f,0x6b,0x65,0x2d,0x6c,0x69,0x6e,0x65,0x63,0x61,0x70,
  0x3d,0x22,0x72,0x6f,0x75,0x6e,0x64,0x22,0x20,0x2f,0x3e,0xa,0x3c,0x6c,0x69,0x6e,
  0x65,0x20,0x78,0x31,0x3d,0x22,0x31,0x37,0x39,0x2e,0x32,0x30,0x36,0x22,0x20,0x79,
  0x31,0x3d,0x22,0x37,0x38,0x2e,0x37,0x37,0x37,0x22,0x20,0x78,0x32,0x3d,0x22,0x31,
  0x37,0x31,0x2e,0x34,0x37,0x39,0x22,0x20,0x79,0x32,0x3d,0x22,0x38,0x30,0x2e,0x38,
  0x34,0x37,0x22,0x20,0x73,0x74,0x72,0x6f,0x6b,0x65,0x3d,0x22,0x23,0x46,0x46,0x36,
  0x42,0x33,0x35,0x22,0x20,0x73,0x74,0x72,0x6f,0x6b,0x65,0x2d,0x77,0x69,0x64,0x74,
  0x68,0x3d,0x22,0x31,0x2e,0x38,0x22,0x20,0x73,0x74,0x72,0x6f,0x6b,0x65,0x2d,0x6c,
  0x69,0x6e,0x65,0x63,0x61,0x70,0x3d,0x22,0x72,0x6f,0x75,0x6e,0x64,0x22,0x20,0x2f,
  0x3e,0xa,0x3c,0x70,0x61,0x74,0x68,0x20,0x64,0x3d,0x22,0x4d,0x20,0x34,0x36,0x2e,
  0x36,0x35,0x35,0x20,0x35,0x37,0x2e,0x39,0x33,0x34,0x20,0x4c,0x20,0x35,0x36,0x2e,
  0x35,0x34,0x34,0x20,0x35,0x37,0x2e,0x39,0x33,0x34,0x20,0x4c,0x20,0x35,0x36,0x2e,
  0x35,0x34,0x34,0x20,0x35,0x39,0x2e,0x38,0x34,0x31,0x20,0x4c,0x20,0x35,0x31,0x2e,
  0x34,0x32,0x38,0x20,0x37,0x31,0x2e,0x30,0x35,0x37,0x20,0x4c,0x20,0x34,0x38,0x2e,
  0x31,0x33,0x32,0x20,0x37,0x31,0x2e,0x30,0x35,0x37,0x20,0x4c,0x20,0x35,0x32,0x2e,
  0x39,0x37,0x35,0x20,0x36,0x30,0x2e,0x34,0x32,0x33,0x20,0x4c,0x20,0x34,0x36,0x2e,
  0x36,0x35,0x35,0x20,0x36,0x30,0x2e,0x34,0x32,0x33,0x20,0x4c,0x20,0x34,0x36,0x2e,
  0x36,0x35,0x35,0x20,0x35,0x37,0x2e,0x39,0x33,0x34,0x20,0x5a,0x20,0x4d,0x20,0x36,
  0x36,0x2e,0x32,0x35,0x36,0x20,0x36,0x34,0x2e,0x34,0x38,0x31,0x20,0x51,0x20,0x36,
  0x36,0x2e,0x32,0x35,0x36,0x20,0x36,0x32,0x2e,0x30,0x32,0x30,0x20,0x36,0x35,0x2e,
  0x37,0x39,0x35,0x20,0x36,0x31,0x2e,0x30,0x31,0x36,0x20,0x51,0x20,0x36,0x35,0x2e,
  0x33,0x33,0x33,0x20,0x36,0x30,0x2e,0x30,0x30,0x39,0x20,0x36,0x34,0x2e,0x32,0x34,
  0x32,0x20,0x36,0x30,0x2e,0x30,0x30,0x39,0x20,0x51,0x20,0x36,0x33,0x2e,0x31,0x35,
  0x34,0x20,0x36,0x30,0x2e,0x30,0x30,0x39,0x20,0x36,0x32,0x2e,0x36,0x38,0x37,0x20,
  0x36,0x31,0x2e,0x30,0x31,0x36,0x20,0x51,0x20,0x36,0x32,0x2e,0x32,0x32,0x30,0x20,
  0x36,0x32,0x2e,0x30,0x32,0x30,0x20,0x36,0x32,0x2e,0x32,0x32,0x30,0x20,0x36,0x34,
  0x2e,0x34,0x38,0x31,0x20,0x51,0x20,0x36,0x32,0x2e,0x32,0x32,0x30,0x20,0x36,0x36,
  0x2e,0x39,0x37,0x30,0x20,0x36,0x32,0x2e,0x36,0x38,0x37,0x20,0x36,0x37,0x2e,0x39,
  0x39,0x31,0x20,0x51,0x20,0x36,0x33,0x2e,0x31,0x35,0x34,0x20,0x36,0x39,0x2e,0x30,
  0x30,0x39,0x20,0x36,0x34,0x2e,0x32,0x34,0x32,0x20,0x36,0x39,0x2e,0x30,0x30,0x39,
  0x20,0x51,0x20,0x36,0x35,0x2e,0x33,0x32,0x35,0x20,0x36,0x39,0x2e,0x30,0x30,0x39,
  0x20,0x36,0x35,0x2e,0x37,0x38,0x39,0x20,0x36,0x37,0x2e,0x39,0x39,0x31,0x20,0x51,
  0x20,0x36,0x36,0x2e,0x32,0x35,0x36,0x20,0x36,0x36,0x2e,0x39,0x37,0x30,0x20,0x36,
  0x36,0x2e,0x32,0x35,0x36,0x20,0x36,0x34,0x2e,0x34,0x38,0x31,0x20,0x5a,0x20,0x4d,
  0x20,0x36,0x39,0x2e,0x36,0x33,0x39,0x20,0x36,0x34,0x2e,0x35,0x30,0x39,0x20,0x51,
  0x20,0x36,0x39,0x2e,0x36,0x33,0x39,0x20,0x36,0x37,0x2e,0x37,0x36,0x39,0x20,0x36,
  0x38,0x2e,0x32,0x33,0x33,0x20,0x36,0x39,0x2e,0x35,0x34,0x31,0x20,0x51,0x20,0x36,
  0x36,0x2e,0x38,0x32,0x37,0x20,0x37,0x31,0x2e,0x33,0x31,0x33,0x20,0x36,0x34,0x2e,
  0x32,0x34,0x32,0x20,0x37,0x31,0x2e,0x33,0x31,0x33,0x20,0x51,0x20,0x36,0x31,0x2e,
  0x36,0x34,0x39,0x20,0x37,0x31,0x2e,0x33,0x31,0x33,0x20,0x36,0x30,0x2e,0x32,0x34,
  0x33,0x20,0x36,0x39,0x2e,0x35,0x34,0x31,0x20,0x51,0x20,0x35,0x38,0x2e,0x38,0x33,
  0x36,0x20,0x36,0x37,0x2e,0x37,0x36,0x39,0x20,0x35,0x38,0x2e,0x38,0x33,0x36,0x20,
  0x36,0x34,0x2e,0x35,0x30,0x39,0x20,0x51,0x20,0x35,0x38,0x2e,0x38,0x33,0x36,0x20,
  0x36,0x31,0x2e,0x32,0x33,0x39,0x20,0x36,0x30,0x2e,0x32,0x34,0x33,0x20,0x35,0x39,
  0x2e,0x34,0x36,0x39,0x20,0x51,0x20,0x36,0x31,0x2e,0x36,0x34,0x39,0x20,0x35,0x37,
  0x2e,0x36,0x39,0x38,0x20,0x36,0x34,0x2e,0x32,0x34,0x32,0x20,0x35,0x37,0x2e,0x36,
  0x39,0x38,0x20,0x51,0x20,0x36,0x36,0x2e,0x38,0x32,0x37,0x20,0x35,0x37,0x2e,0x36,
  0x39,0x38,0x20,0x36,0x38,0x2e,0x32,0x33,0x33,0x20,0x35,0x39,0x2e,0x34,0x36,0x39,
  0x20,0x51,0x20,0x36,0x39,0x2e,0x36,0x33,0x39,0x20,0x36,0x31,0x2e,0x32,0x33,0x39,
  0x20,0x36,0x39,0x2e,0x36,0x33,0x39,0x20,0x36,0x34,0x2e,0x35,0x30,0x39,0x20,0x5a,
  0x22,0x20,0x66,0x69,0x6c,0x6c,0x3d,0x22,0x23,0x46,0x46,0x36,0x42,0x33,0x35,0x22,
  0x20,0x73,0x74,0x72,0x6f,0x6b,0x65,0x3d,0x22,0x6e,0x6f,0x6e,0x65,0x22,0x20,0x2f,
  0x3e,0xa,0x3c,0x70,0x61,0x74,0x68,0x20,0x64,0x3d,0x22,0x4d,0x20,0x38,0x32,0x2e,
  0x37,0x33,0x38,0x20,0x34,0x30,0x2e,0x32,0x31,0x35,0x20,0x4c,0x20,0x38,0x35,0x2e,
  0x37,0x32,0x38,0x20,0x34,0x30,0x2e,0x32,0x31,0x35,0x20,0x4c,0x20,0x38,0x35,0x2e,
  0x37,0x32,0x38,0x20,0x33,0x31,0x2e,0x37,0x33,0x32,0x20,0x4c,0x20,0x38,0x32,0x2e,
  0x36,0x35,0x39,0x20,0x33,0x32,0x2e,0x33,0x36,0x35,0x20,0x4c,0x20,0x38,0x32,0x2e,
  0x36,0x35,0x39,0x20,0x33,0x30,0x2e,0x30,0x36,0x31,0x20,0x4c,0x20,0x38,0x35,0x2e,
  0x37,0x30,0x38,0x20,0x32,0x39,0x2e,0x34,0x32,0x39,0x20,0x4c,0x20,0x38,0x38,0x2e,
  0x39,0x32,0x35,0x20,0x32,0x39,0x2e,0x34,0x32,0x39,0x20,0x4c,0x20,0x38,0x38,0x2e,
  0x39,0x32,0x35,0x20,0x34,0x30,0x2e,0x32,0x31,0x35,0x20,0x4c,0x20,0x39,0x31,0x2e,
  0x39,0x31,0x35,0x20,0x34,0x30,0x2e,0x32,0x31,0x35,0x20,0x4c,0x20,0x39,0x31,0x2e,
  0x39,0x31,0x35,0x20,0x34,0x32,0x2e,0x35,0x35,0x32,0x20,0x4c,0x20,0x38,0x32,0x2e,
  0x37,0x33,0x38,0x20,0x34,0x32,0x2e,0x35,0x35,0x32,0x20,0x4c,0x20,0x38,0x32,0x2e,
  0x37,0x33,0x38,0x20,0x34,0x30,0x2e,0x32,0x31,0x35,0x20,0x5a,0x20,0x4d,0x20,0x39,
  0x38,0x2e,0x33,0x33,0x39,0x20,0x34,0x30,0x2e,0x30,0x36,0x35,0x20,0x4c,0x20,0x31,
  0x30,0x34,0x2e,0x31,0x31,0x33,0x20,0x34,0x30,0x2e,0x30,0x36,0x35,0x20,0x4c,0x20,
  0x31,0x30,0x34,0x2e,0x31,0x31,0x33,0x20,0x34,0x32,0x2e,0x35,0x35,0x32,0x20,0x4c,
  0x20,0x39,0x34,0x2e,0x35,0x37,0x36,0x20,0x34,0x32,0x2e,0x35,0x35,0x32,0x20,0x4c,
  0x20,0x39,0x34,0x2e,0x35,0x37,0x36,0x20,0x34,0x30,0x2e,0x30,0x36,0x35,0x20,0x4c,
  0x20,0x39,0x39,0x2e,0x33,0x36,0x36,0x20,0x33,0x35,0x2e,0x38,0x33,0x35,0x20,0x51,
  0x20,0x31,0x30,0x30,0x2e,0x30,0x31,0x30,0x20,0x33,0x35,0x2e,0x32,0x35,0x36,0x20,
  0x31,0x30,0x30,0x2e,0x33,0x31,0x36,0x20,0x33,0x34,0x2e,0x37,0x30,0x32,0x20,0x51,
  0x20,0x31,0x30,0x30,0x2e,0x36,0x32,0x33,0x20,0x33,0x34,0x2e,0x31,0x34,0x38,0x20,
  0x31,0x30,0x30,0x2e,0x36,0x32,0x33,0x20,0x33,0x33,0x2e,0x35,0x35,0x32,0x20,0x51,
  0x20,0x31,0x30,0x30,0x2e,0x36,0x32,0x33,0x20,0x33,0x32,0x2e,0x36,0x32,0x39,0x20,
  0x31,0x30,0x30,0x2e,0x30,0x30,0x34,0x20,0x33,0x32,0x2e,0x30,0x36,0x37,0x20,0x51,
  0x20,0x39,0x39,0x2e,0x33,0x38,0x35,0x20,0x33,0x31,0x2e,0x35,0x30,0x34,0x20,0x39,
  0x38,0x2e,0x33,0x35,0x36,0x20,0x33,0x31,0x2e,0x35,0x30,0x34,0x20,0x51,0x20,0x39,
  0x37,0x2e,0x35,0x36,0x36,0x20,0x33,0x31,0x2e,0x35,0x30,0x34,0x20,0x39,0x36,0x2e,
  0x36,0x32,0x34,0x20,0x33,0x31,0x2e,0x38,0x34,0x32,0x20,0x51,0x20,0x39,0x35,0x2e,
  0x36,0x38,0x34,0x20,0x33,0x32,0x2e,0x31,0x37,0x39,0x20,0x39,0x34,0x2e,0x36,0x31,
  0x33,0x20,0x33,0x32,0x2e,0x38,0x34,0x39,0x20,0x4c,0x20,0x39,0x34,0x2e,0x36,0x31,
  0x33,0x20,0x32,0x39,0x2e,0x39,0x36,0x36,0x20,0x51,0x20,0x39,0x35,0x2e,0x37,0x35,
  0x35,0x20,0x32,0x39,0x2e,0x35,0x38,0x39,0x20,0x39,0x36,0x2e,0x38,0x37,0x31,0x20,
  0x32,0x39,0x2e,0x33,0x39,0x32,0x20,0x51,0x20,0x39,0x37,0x2e,0x39,0x38,0x38,0x20,
  0x32,0x39,0x2e,0x31,0x39,0x32,0x20,0x39,0x39,0x2e,0x30,0x35,0x39,0x20,0x32,0x39,
  0x2e,0x31,0x39,0x32,0x20,0x51,0x20,0x31,0x30,0x31,0x2e,0x34,0x31,0x36,0x20,0x32,
  0x39,0x2e,0x31,0x39,0x32,0x20,0x31,0x30,0x32,0x2e,0x37,0x32,0x31,0x20,0x33,0x30,
  0x2e,0x32,0x33,0x30,0x20,0x51,0x20,0x31,0x30,0x34,0x2e,0x30,0x32,0x36,0x20,0x33,
  0x31,0x2e,0x32,0x36,0x35,0x20,0x31,0x30,0x34,0x2e,0x30,0x32,0x36,0x20,0x33,0x33,
  0x2e,0x31,0x32,0x31,0x20,0x51,0x20,0x31,0x30,0x34,0x2e,0x30,0x32,0x36,0x20,0x33,
  0x34,0x2e,0x31,0x39,0x33,0x20,0x31,0x30,0x33,0x2e,0x34,0x37,0x32,0x20,0x33,0x35,
  0x2e,0x31,0x32,0x31,0x20,0x51,0x20,0x31,0x30,0x32,0x2e,0x39,0x31,0x38,0x20,0x33,
  0x36,0x2e,0x30,0x34,0x36,0x20,0x31,0x30,0x31,0x2e,0x31,0x34,0x33,0x20,0x33,0x37,
  0x2e,0x36,0x30,0x35,0x20,0x4c,0x20,0x39,0x38,0x2e,0x33,0x33,0x39,0x20,0x34,0x30,
  0x2e,0x30,0x36,0x35,0x20,0x5a,0x20,0x4d,0x20,0x31,0x31,0x33,0x2e,0x39,0x35,0x37,
  0x20,0x33,0x35,0x2e,0x39,0x37,0x36,0x20,0x51,0x20,0x31,0x31,0x33,0x2e,0x39,0x35,
  0x37,0x20,0x33,0x33,0x2e,0x35,0x31,0x35,0x20,0x31,0x31,0x33,0x2e,0x34,0x39,0x36,
  0x20,0x33,0x32,0x2e,0x35,0x31,0x31,0x20,0x51,0x20,0x31,0x31,0x33,0x2e,0x30,0x33,
  0x35,0x20,0x33,0x31,0x2e,0x35,0x30,0x34,0x20,0x31,0x31,0x31,0x2e,0x39,0x34,0x34,
  0x20,0x33,0x31,0x2e,0x35,0x30,0x34,0x20,0x51,0x20,0x31,0x31,0x30,0x2e,0x38,0x35,
  0x35,0x20,0x33,0x31,0x2e,0x35,0x30,0x34,0x20,0x31,0x31,0x30,0x2e,0x33,0x38,0x38,
  0x20,0x33,0x32,0x2e,0x35,0x31,0x31,0x20,0x51,0x20,0x31,0x30,0x39,0x2e,0x39,0x32,
  0x31,0x20,0x33,0x33,0x2e,0x35,0x31,0x35,0x20,0x31,0x30,0x39,0x2e,0x39,0x32,0x31,
  0x20,0x33,0x35,0x2e,0x39,0x37,0x36,0x20,0x51,0x20,0x31,0x30,0x39,0x2e,0x39,0x32,
  0x31,0x20,0x33,0x38,0x2e,0x34,0x36,0x35,0x20,0x31,0x31,0x30,0x2e,0x33,0x38,0x38,
  0x20,0x33,0x39,0x2e,0x34,0x38,0x36,0x20,0x51,0x20,0x31,0x31,0x30,0x2e,0x38,0x35,
  0x35,0x20,0x34,0x30,0x2e,0x35,0x30,0x34,0x20,0x31,0x31,0x31,0x2e,0x39,0x34,0x34,
  0x20,0x34,0x30,0x2e,0x35,0x30,0x34,0x20,0x51,0x20,0x31,0x31,0x33,0x2e,0x30,0x32,
  0x36,0x20,0x34,0x30,0x2e,0x35,0x30,0x34,0x20,0x31,0x31,0x33,0x2e,0x34,0x39,0x31,
  0x20,0x33,0x39,0x2e,0x34,0x38,0x36,0x20,0x51,0x20,0x31,0x31,0x33,0x2e,0x39,0x35,
  0x37,0x20,0x33,0x38,0x2e,0x34,0x36,0x35,0x20,0x31,0x31,0x33,0x2e,0x39,0x35,0x37,
  0x20,0x33,0x35,0x2e,0x39,0x37,0x36,0x20,0x5a,0x20,0x4d,0x20,0x31,0x31,0x37,0x2e,
  0x33,0x34,0x31,0x20,0x33,0x36,0x2e,0x30,0x30,0x34,0x20,0x51,0x20,0x31,0x31,0x37,
  0x2e,0x33,0x34,0x31,0x20,0x33,0x39,0x2e,0x32,0x36,0x34,0x20,0x31,0x31,0x35,0x2e,
  0x39,0x33,0x35,0x20,0x34,0x31,0x2e,0x30,0x33,0x36,0x20,0x51,0x20,0x31,0x31,0x34,
  0x2e,0x35,0x32,0x38,0x20,0x34,0x32,0x2e,0x38,0x30,0x38,0x20,0x31,0x31,0x31,0x2e,
  0x39,0x34,0x34,0x20,0x34,0x32,0x2e,0x38,0x30,0x38,0x20,0x51,0x20,0x31,0x30,0x39,
  0x2e,0x33,0x35,0x31,0x20,0x34,0x32,0x2e,0x38,0x30,0x38,0x20,0x31,0x30,0x37,0x2e,
  0x39,0x34,0x34,0x20,0x34,0x31,0x2e,0x30,0x33,0x36,0x20,0x51,0x20,0x31,0x30,0x36,
  0x2e,0x35,0x33,0x38,0x20,0x33,0x39,0x2e,0x32,0x36,0x34,0x20,0x31,0x30,0x36,0x2e,
  0x35,0x33,0x38,0x20,0x33,0x36,0x2e,0x30,0x30,0x34,0x20,0x51,0x20,0x31,0x30,0x36,
  0x2e,0x35,0x33,0x38,0x20,0x33,0x32,0x2e,0x37,0x33,0x33,0x20,0x31,0x30,0x37,0x2e,
  0x39,0x34,0x34,0x20,0x33,0x30,0x2e,0x39,0x36,0x34,0x20,0x51,0x20,0x31,0x30,0x39,
  0x2e,0x33,0x35,0x31,0x20,0x32,0x39,0x2e,0x31,0x39,0x32,0x20,0x31,0x31,0x31,0x2e,
  0x39,0x34,0x34,0x20,0x32,0x39,0x2e,0x31,0x39,0x32,0x20,0x51,0x20,0x31,0x31,0x34,
  0x2e,0x35,0x32,0x38,0x20,0x32,0x39,0x2e,0x31,0x39,0x32,0x20,0x31,0x31,0x35,0x2e,
  0x39,0x33,0x35,0x20,0x33,0x30,0x2e,0x39,0x36,0x34,0x20,0x51,0x20,0x31,0x31,0x37,
  0x2e,0x33,0x34,0x31,0x20,0x33,0x32,0x2e,0x37,0x33,0x33,0x20,0x31,0x31,0x37,0x2e,
  0x33,0x34,0x31,0x20,0x33,0x36,0x2e,0x30,0x30,0x34,0x20,0x5a,0x22,0x20,0x66,0x69,
  0x6c,0x6c,0x3d,0x22,0x23,0x46,0x46,0x36,0x42,0x33,0x35,0x22,0x20,0x73,0x74,0x72,
  0x6f,0x6b,0x65,0x3d,0x22,0x6e,0x6f,0x6e,0x65,0x22,0x20,0x2f,0x3e,0xa,0x3c,0x70,
  0x61,0x74,0x68,0x20,0x64,0x3d,0x22,0x4d,0x20,0x31,0x32,0x34,0x2e,0x35,0x39,0x31,
  0x20,0x36,0x38,0x2e,0x37,0x32,0x30,0x20,0x4c,0x20,0x31,0x32,0x37,0x2e,0x35,0x38,
  0x30,0x20,0x36,0x38,0x2e,0x37,0x32,0x30,0x20,0x4c,0x20,0x31,0x32,0x37,0x2e,0x35,
  0x38,0x30,0x20,0x36,0x30,0x2e,0x32,0x33,0x37,0x20,0x4c,0x20,0x31,0x32,0x34,0x2e,
  0x35,0x31,0x32,0x20,0x36,0x30,0x2e,0x38,0x37,0x30,0x20,0x4c,0x20,0x31,0x32,0x34,
  0x2e,0x35,0x31,0x32,0x20,0x35,0x38,0x2e,0x35,0x36,0x37,0x20,0x4c,0x20,0x31,0x32,
  0x37,0x2e,0x35,0x36,0x31,0x20,0x35,0x37,0x2e,0x39,0x33,0x34,0x20,0x4c,0x20,0x31,
  0x33,0x30,0x2e,0x37,0x37,0x38,0x20,0x35,0x37,0x2e,0x39,0x33,0x34,0x20,0x4c,0x20,
  0x31,0x33,0x30,0x2e,0x37,0x37,0x38,0x20,0x36,0x38,0x2e,0x37,0x32,0x30,0x20,0x4c,
  0x20,0x31,0x33,0x33,0x2e,0x37,0x36,0x38,0x20,0x36,0x38,0x2e,0x37,0x32,0x30,0x20,
  0x4c,0x20,0x31,0x33,0x33,0x2e,0x37,0x36,0x38,0x20,0x37,0x31,0x2e,0x30,0x35,0x37,
  0x20,0x4c,0x20,0x31,0x32,0x34,0x2e,0x35,0x39,0x31,0x20,0x37,0x31,0x2e,0x30,0x35,
  0x37,0x20,0x4c,0x20,0x31,0x32,0x34,0x2e,0x35,0x39,0x31,0x20,0x36,0x38,0x2e,0x37,
  0x32,0x30,0x20,0x5a,0x20,0x4d,0x20,0x31,0x33,0x36,0x2e,0x32,0x31,0x30,0x20,0x35,
  0x37,0x2e,0x39,0x33,0x34,0x20,0x4c,0x20,0x31,0x34,0x36,0x2e,0x30,0x39,0x38,0x20,
  0x35,0x37,0x2e,0x39,0x33,0x34,0x20,0x4c,0x20,0x31,0x34,0x36,0x2e,0x30,0x39,0x38,
  0x20,0x35,0x39,0x2e,0x38,0x34,0x31,0x20,0x4c,0x20,0x31,0x34,0x30,0x2e,0x39,0x38,
  0x32,0x20,0x37,0x31,0x2e,0x30,0x35,0x37,0x20,0x4c,0x20,0x31,0x33,0x37,0x2e,0x36,
  0x38,0x36,0x20,0x37,0x31,0x2e,0x30,0x35,0x37,0x20,0x4c,0x20,0x31,0x34,0x32,0x2e,
  0x35,0x32,0x39,0x20,0x36,0x30,0x2e,0x34,0x32,0x33,0x20,0x4c,0x20,0x31,0x33,0x36,
  0x2e,0x32,0x31,0x30,0x20,0x36,0x30,0x2e,0x34,0x32,0x33,0x20,0x4c,0x20,0x31,0x33,
  0x36,0x2e,0x32,0x31,0x30,0x20,0x35,0x37,0x2e,0x39,0x33,0x34,0x20,0x5a,0x20,0x4d,
  0x20,0x31,0x35,0x35,0x2e,0x38,0x31,0x30,0x20,0x36,0x34,0x2e,0x34,0x38,0x31,0x20,
  0x51,0x20,0x31,0x35,0x35,0x2e,0x38,0x31,0x30,0x20,0x36,0x32,0x2e,0x30,0x32,0x30,
  0x20,0x31,0x35,0x35,0x2e,0x33,0x34,0x39,0x20,0x36,0x31,0x2e,0x30,0x31,0x36,0x20,
  0x51,0x20,0x31,0x35,0x34,0x2e,0x38,0x38,0x38,0x20,0x36,0x30,0x2e,0x30,0x30,0x39,
  0x20,0x31,0x35,0x33,0x2e,0x37,0x39,0x36,0x20,0x36,0x30,0x2e,0x30,0x30,0x39,0x20,
  0x51,0x20,0x31,0x35,0x32,0x2e,0x37,0x30,0x38,0x20,0x36,0x30,0x2e,0x30,0x30,0x39,
  0x20,0x31,0x35,0x32,0x2e,0x32,0x34,0x31,0x20,0x36,0x31,0x2e,0x30,0x31,0x36,0x20,
  0x51,0x20,0x31,0x35,0x31,0x2e,0x37,0x37,0x34,0x20,0x36,0x32,0x2e,0x30,0x32,0x30,
  0x20,0x31,0x35,0x31,0x2e,0x37,0x37,0x34,0x20,0x36,0x34,0x2e,0x34,0x38,0x31,0x20,
  0x51,0x20,0x31,0x35,0x31,0x2e,0x37,0x37,0x34,0x20,0x36,0x36,0x2e,0x39,0x37,0x30,
  0x20,0x31,0x35,0x32,0x2e,0x32,0x34,0x31,0x20,0x36,0x37,0x2e,0x39,0x39,0x31,0x20,
  0x51,0x20,0x31,0x35,0x32,0x2e,0x37,0x30,0x38,0x20,0x36,0x39,0x2e,0x30,0x30,0x39,
  0x20,0x31,0x35,0x33,0x2e,0x37,0x39,0x36,0x20,0x36,0x39,0x2e,0x30,0x30,0x39,0x20,
  0x51,0x20,0x31,0x35,0x34,0x2e,0x38,0x37,0x39,0x20,0x36,0x39,0x2e,0x30,0x30,0x39,
  0x20,0x31,0x35,0x35,0x2e,0x33,0x34,0x33,0x20,0x36,0x37,0x2e,0x39,0x39,0x31,0x20,
  0x51,0x20,0x31,0x35,0x35,0x2e,0x38,0x31,0x30,0x20,0x36,0x36,0x2e,0x39,0x37,0x30,
  0x20,0x31,0x35,0x35,0x2e,0x38,0x31,0x30,0x20,0x36,0x34,0x2e,0x34,0x38,0x31,0x20,
  0x5a,0x20,0x4d,0x20,0x31,0x35,0x39,0x2e,0x31,0x39,0x34,0x20,0x36,0x34,0x2e,0x35,
  0x30,0x39,0x20,0x51,0x20,0x31,0x35,0x39,0x2e,0x31,0x39,0x34,0x20,0x36,0x37,0x2e,
  0x37,0x36,0x39,0x20,0x31,0x35,0x37,0x2e,0x37,0x38,0x37,0x20,0x36,0x39,0x2e,0x35,
  0x34,0x31,0x20,0x51,0x20,0x31,0x35,0x36,0x2e,0x33,0x38,0x31,0x20,0x37,0x31,0x2e,
  0x33,0x31,0x33,0x20,0x31,0x35,0x33,0x2e,0x37,0x39,0x36,0x20,0x37,0x31,0x2e,0x33,
  0x31,0x33,0x20,0x51,0x20,0x31,0x35,0x31,0x2e,0x32,0x30,0x33,0x20,0x37,0x31,0x2e,
  0x33,0x31,0x33,0x20,0x31,0x34,0x39,0x2e,0x37,0x39,0x37,0x20,0x36,0x39,0x2e,0x35,
  0x34,0x31,0x20,0x51,0x20,0x31,0x34,0x38,0x2e,0x33,0x39,0x31,0x20,0x36,0x37,0x2e,
  0x37,0x36,0x39,0x20,0x31,0x34,0x38,0x2e,0x33,0x39,0x31,0x20,0x36,0x34,0x2e,0x35,
  0x30,0x39,0x20,0x51,0x20,0x31,0x34,0x38,0x2e,0x33,0x39,0x31,0x20,0x36,0x31,0x2e,
  0x32,0x33,0x39,0x20,0x31,0x34,0x39,0x2e,0x37,0x39,0x37,0x20,0x35,0x39,0x2e,0x34,
  0x36,0x39,0x20,0x51,0x20,0x31,0x35,0x31,0x2e,0x32,0x30,0x33,0x20,0x35,0x37,0x2e,
  0x36,0x39,0x38,0x20,0x31,0x35,0x33,0x2e,0x37,0x39,0x36,0x20,0x35,0x37,0x2e,0x36,
  0x39,0x38,0x20,0x51,0x20,0x31,0x35,0x36,0x2e,0x33,0x38,0x31,0x20,0x35,0x37,0x2e,
  0x36,0x39,0x38,0x20,0x31,0x35,0x37,0x2e,0x37,0x38,0x37,0x20,0x35,0x39,0x2e,0x34,
  0x36,0x39,0x20,0x51,0x20,0x31,0x35,0x39,0x2e,0x31,0x39,0x34,0x20,0x36,0x31,0x2e,
  0x32,0x33,0x39,0x20,0x31,0x35,0x39,0x2e,0x31,0x39,0x34,0x20,0x36,0x34,0x2e,0x35,
  0x30,0x39,0x20,0x5a,0x22,0x20,0x66,0x69,0x6c,0x6c,0x3d,0x22,0x23,0x46,0x46,0x36,
  0x42,0x33,0x35,0x22,0x20,0x73,0x74,0x72,0x6f,0x6b,0x65,0x3d,0x22,0x6e,0x6f,0x6e,
  0x65,0x22,0x20,0x2f,0x3e,0xa,0x3c,0x70,0x61,0x74,0x68,0x20,0x64,0x3d,0x22,0x4d,
  0x20,0x39,0x34,0x2e,0x37,0x30,0x32,0x20,0x36,0x37,0x2e,0x37,0x36,0x34,0x20,0x51,
  0x20,0x39,0x34,0x2e,0x32,0x31,0x30,0x20,0x36,0x37,0x2e,0x37,0x36,0x34,0x20,0x39,
  0x33,0x2e,0x38,0x36,0x38,0x20,0x36,0x38,0x2e,0x31,0x30,0x37,0x20,0x51,0x20,0x39,
  0x33,0x2e,0x35,0x32,0x37,0x20,0x36,0x38,0x2e,0x34,0x34,0x39,0x20,0x39,0x33,0x2e,
  0x35,0x32,0x37,0x20,0x36,0x38,0x2e,0x39,0x34,0x31,0x20,0x51,0x20,0x39,0x33,0x2e,
  0x35,0x32,0x37,0x20,0x36,0x39,0x2e,0x34,0x33,0x33,0x20,0x39,0x33,0x2e,0x38,0x36,
  0x34,0x20,0x36,0x39,0x2e,0x37,0x36,0x38,0x20,0x51,0x20,0x39,0x34,0x2e,0x32,0x30,
  0x33,0x20,0x37,0x30,0x2e,0x31,0x30,0x32,0x20,0x39,0x34,0x2e,0x37,0x30,0x32,0x20,
  0x37,0x30,0x2e,0x31,0x30,0x32,0x20,0x51,0x20,0x39,0x35,0x2e,0x31,0x39,0x34,0x20,
  0x37,0x30,0x2e,0x31,0x30,0x32,0x20,0x39,0x35,0x2e,0x35,0x33,0x35,0x20,0x36,0x39,
  0x2e,0x37,0x36,0x35,0x20,0x51,0x20,0x39,0x35,0x2e,0x38,0x37,0x39,0x20,0x36,0x39,
  0x2e,0x34,0x32,0x36,0x20,0x39,0x35,0x2e,0x38,0x37,0x39,0x20,0x36,0x38,0x2e,0x39,
  0x34,0x31,0x20,0x51,0x20,0x39,0x35,0x2e,0x38,0x37,0x39,0x20,0x36,0x38,0x2e,0x34,
  0x34,0x39,0x20,0x39,0x35,0x2e,0x35,0x33,0x33,0x20,0x36,0x38,0x2e,0x31,0x30,0x37,
  0x20,0x51,0x20,0x39,0x35,0x2e,0x31,0x38,0x38,0x20,0x36,0x37,0x2e,0x37,0x36,0x34,
  0x20,0x39,0x34,0x2e,0x37,0x30,0x32,0x20,0x36,0x37,0x2e,0x37,0x36,0x34,0x20,0x5a,
  0x20,0x4d,0x20,0x39,0x34,0x2e,0x37,0x30,0x32,0x20,0x36,0x36,0x2e,0x36,0x35,0x37,
  0x20,0x51,0x20,0x39,0x35,0x2e,0x31,0x35,0x33,0x20,0x36,0x36,0x2e,0x36,0x35,0x37,
  0x20,0x39,0x35,0x2e,0x35,0x37,0x30,0x20,0x36,0x36,0x2e,0x38,0x33,0x32,0x20,0x51,
  0x20,0x39,0x35,0x2e,0x39,0x38,0x38,0x20,0x36,0x37,0x2e,0x30,0x30,0x37,0x20,0x39,
  0x36,0x2e,0x33,0x31,0x36,0x20,0x36,0x37,0x2e,0x33,0x32,0x36,0x20,0x51,0x20,0x39,
  0x36,0x2e,0x36,0x33,0x36,0x20,0x36,0x37,0x2e,0x36,0x35,0x35,0x20,0x39,0x36,0x2e,
  0x38,0x30,0x34,0x20,0x36,0x38,0x2e,0x30,0x36,0x36,0x20,0x51,0x20,0x39,0x36,0x2e,
  0x39,0x37,0x32,0x20,0x36,0x38,0x2e,0x34,0x37,0x35,0x20,0x39,0x36,0x2e,0x39,0x37,
  0x32,0x20,0x36,0x38,0x2e,0x39,0x34,0x31,0x20,0x51,0x20,0x39,0x36,0x2e,0x39,0x37,
  0x32,0x20,0x36,0x39,0x2e,0x33,0x39,0x38,0x20,0x39,0x36,0x2e,0x38,0x30,0x34,0x20,
  0x36,0x39,0x2e,0x38,0x31,0x31,0x20,0x51,0x20,0x39,0x36,0x2e,0x36,0x33,0x36,0x20,
  0x37,0x30,0x2e,0x32,0x32,0x35,0x20,0x39,0x36,0x2e,0x33,0x32,0x39,0x20,0x37,0x30,
  0x2e,0x35,0x33,0x33,0x20,0x51,0x20,0x39,0x36,0x2e,0x30,0x30,0x31,0x20,0x37,0x30,
  0x2e,0x38,0x36,0x31,0x20,0x39,0x35,0x2e,0x35,0x37,0x37,0x20,0x37,0x31,0x2e,0x30,
  0x33,0x36,0x20,0x51,0x20,0x39,0x35,0x2e,0x31,0x35,0x33,0x20,0x37,0x31,0x2e,0x32,
  0x30,0x39,0x20,0x39,0x34,0x2e,0x36,0x38,0x39,0x20,0x37,0x31,0x2e,0x32,0x30,0x39,
  0x20,0x51,0x20,0x39,0x33,0x2e,0x37,0x32,0x34,0x20,0x37,0x31,0x2e,0x32,0x30,0x39,
  0x20,0x39,0x33,0x2e,0x30,0x37,0x30,0x20,0x37,0x30,0x2e,0x35,0x35,0x37,0x20,0x51,
  0x20,0x39,0x32,0x2e,0x34,0x31,0x38,0x20,0x36,0x39,0x2e,0x39,0x30,0x35,0x20,0x39,
  0x32,0x2e,0x34,0x31,0x38,0x20,0x36,0x38,0x2e,0x39,0x34,0x31,0x20,0x51,0x20,0x39,
  0x32,0x2e,0x34,0x31,0x38,0x20,0x36,0x37,0x2e,0x39,0x37,0x36,0x20,0x39,0x33,0x2e,
  0x30,0x37,0x37,0x20,0x36,0x37,0x2e,0x33,0x31,0x38,0x20,0x51,0x20,0x39,0x33,0x2e,
  0x37,0x33,0x37,0x20,0x36,0x36,0x2e,0x36,0x35,0x37,0x20,0x39,0x34,0x2e,0x37,0x30,
  0x32,0x20,0x36,0x36,0x2e,0x36,0x35,0x37,0x20,0x5a,0x20,0x4d,0x20,0x31,0x30,0x37,
  0x2e,0x35,0x38,0x32,0x20,0x37,0x36,0x2e,0x35,0x38,0x34,0x20,0x51,0x20,0x31,0x30,
  0x36,0x2e,0x38,0x35,0x36,0x20,0x37,0x36,0x2e,0x39,0x36,0x30,0x20,0x31,0x30,0x36,
  0x2e,0x30,0x37,0x30,0x20,0x37,0x37,0x2e,0x31,0x35,0x30,0x20,0x51,0x20,0x31,0x30,
  0x35,0x2e,0x32,0x38,0x35,0x20,0x37,0x37,0x2e,0x33,0x34,0x33,0x20,0x31,0x30,0x34,
  0x2e,0x34,0x33,0x30,0x20,0x37,0x37,0x2e,0x33,0x34,0x33,0x20,0x51,0x20,0x31,0x30,
  0x31,0x2e,0x38,0x37,0x39,0x20,0x37,0x37,0x2e,0x33,0x34,0x33,0x20,0x31,0x30,0x30,
  0x2e,0x33,0x38,0x39,0x20,0x37,0x35,0x2e,0x39,0x31,0x37,0x20,0x51,0x20,0x39,0x38,
  0x2e,0x39,0x30,0x30,0x20,0x37,0x34,0x2e,0x34,0x39,0x30,0x20,0x39,0x38,0x2e,0x39,
  0x30,0x30,0x20,0x37,0x32,0x2e,0x30,0x35,0x31,0x20,0x51,0x20,0x39,0x38,0x2e,0x39,
  0x30,0x30,0x20,0x36,0x39,0x2e,0x36,0x30,0x34,0x20,0x31,0x30,0x30,0x2e,0x33,0x38,
  0x39,0x20,0x36,0x38,0x2e,0x31,0x38,0x30,0x20,0x51,0x20,0x31,0x30,0x31,0x2e,0x38,
  0x37,0x39,0x20,0x36,0x36,0x2e,0x37,0x35,0x33,0x20,0x31,0x30,0x34,0x2e,0x34,0x33,
  0x30,0x20,0x36,0x36,0x2e,0x37,0x35,0x33,0x20,0x51,0x20,0x31,0x30,0x35,0x2e,0x32,
  0x38,0x35,0x20,0x36,0x36,0x2e,0x37,0x35,0x33,0x20,0x31,0x30,0x36,0x2e,0x30,0x37,
  0x30,0x20,0x36,0x36,0x2e,0x39,0x34,0x36,0x20,0x51,0x20,0x31,0x30,0x36,0x2e,0x38,
  0x35,0x36,0x20,0x36,0x37,0x2e,0x31,0x33,0x36,0x20,0x31,0x30,0x37,0x2e,0x35,0x38,
  0x32,0x20,0x36,0x37,0x2e,0x35,0x31,0x32,0x20,0x4c,0x20,0x31,0x30,0x37,0x2e,0x35,
  0x38,0x32,0x20,0x36,0x39,0x2e,0x36,0x32,0x33,0x20,0x51,0x20,0x31,0x30,0x36,0x2e,
  0x38,0x34,0x39,0x20,0x36,0x39,0x2e,0x31,0x32,0x35,0x20,0x31,0x30,0x36,0x2e,0x31,
  0x33,0x38,0x20,0x36,0x38,0x2e,0x38,0x39,0x33,0x20,0x51,0x20,0x31,0x30,0x35,0x2e,
  0x34,0x32,0x37,0x20,0x36,0x38,0x2e,0x36,0x36,0x31,0x20,0x31,0x30,0x34,0x2e,0x36,
  0x34,0x32,0x20,0x36,0x38,0x2e,0x36,0x36,0x31,0x20,0x51,0x20,0x31,0x30,0x33,0x2e,
  0x32,0x33,0x33,0x20,0x36,0x38,0x2e,0x36,0x36,0x31,0x20,0x31,0x30,0x32,0x2e,0x34,
  0x32,0x36,0x20,0x36,0x39,0x2e,0x35,0x36,0x34,0x20,0x51,0x20,0x31,0x30,0x31,0x2e,
  0x36,0x32,0x31,0x20,0x37,0x30,0x2e,0x34,0x36,0x35,0x20,0x31,0x30,0x31,0x2e,0x36,
  0x32,0x31,0x20,0x37,0x32,0x2e,0x30,0x35,0x31,0x20,0x51,0x20,0x31,0x30,0x31,0x2e,
  0x36,0x32,0x31,0x20,0x37,0x33,0x2e,0x36,0x33,0x31,0x20,0x31,0x30,0x32,0x2e,0x34,
  0x32,0x36,0x20,0x37,0x34,0x2e,0x35,0x33,0x34,0x20,0x51,0x20,0x31,0x30,0x33,0x2e,
  0x32,0x33,0x33,0x20,0x37,0x35,0x2e,0x34,0x33,0x35,0x20,0x31,0x30,0x34,0x2e,0x36,
  0x34,0x32,0x20,0x37,0x35,0x2e,0x34,0x33,0x35,0x20,0x51,0x20,0x31,0x30,0x35,0x2e,
  0x34,0x32,0x37,0x20,0x37,0x35,0x2e,0x34,0x33,0x35,0x20,0x31,0x30,0x36,0x2e,0x31,
  0x33,0x38,0x20,0x37,0x35,0x2e,0x32,0x30,0x34,0x20,0x51,0x20,0x31,0x30,0x36,0x2e,
  0x38,0x34,0x39,0x20,0x37,0x34,0x2e,0x39,0x37,0x30,0x20,0x31,0x30,0x37,0x2e,0x35,
  0x38,0x32,0x20,0x37,0x34,0x2e,0x34,0x37,0x31,0x20,0x4c,0x20,0x31,0x30,0x37,0x2e,
  0x35,0x38,0x32,0x20,0x37,0x36,0x2e,0x35,0x38,0x34,0x20,0x5a,0x22,0x20,0x66,0x69,
  0x6c,0x6c,0x3d,0x22,0x23,0x46,0x46,0x36,0x42,0x33,0x35,0x22,0x20,0x73,0x74,0x72,
  0x6f,0x6b,0x65,0x3d,0x22,0x6e,0x6f,0x6e,0x65,0x22,0x20,0x2f,0x3e,0xa,0x3c,0x70,
  0x61,0x74,0x68,0x20,0x64,0x3d,0x22,0x4d,0x20,0x31,0x34,0x32,0x2e,0x31,0x32,0x2c,
  0x39,0x36,0x2e,0x34,0x37,0x20,0x41,0x20,0x33,0x2e,0x32,0x2c,0x33,0x2e,0x32,0x20,
  0x30,0x20,0x31,0x20,0x30,0x20,0x31,0x34,0x38,0x2e,0x35,0x32,0x2c,0x39,0x36,0x2e,
  0x34,0x37,0x20,0x41,0x20,0x33,0x2e,0x32,0x2c,0x33,0x2e,0x32,0x20,0x30,0x20,0x31,
  0x20,0x30,0x20,0x31,0x34,0x32,0x2e,0x31,0x32,0x2c,0x39,0x36,0x2e,0x34,0x37,0x20,
  0x5a,0x20,0x4d,0x20,0x31,0x34,0x33,0x2e,0x39,0x32,0x2c,0x39,0x35,0x2e,0x34,0x37,
  0x20,0x4c,0x20,0x31,0x34,0x36,0x2e,0x37,0x32,0x2c,0x39,0x35,0x2e,0x34,0x37,0x20,
  0x4c,0x20,0x31,0x34,0x36,0x2e,0x37,0x32,0x2c,0x38,0x34,0x2e,0x34,0x37,0x20,0x4c,
  0x20,0x31,0x34,0x33,0x2e,0x39,0x32,0x2c,0x38,0x34,0x2e,0x34,0x37,0x20,0x5a,0x20,
  0x4d,0x20,0x31,0x34,0x33,0x2e,0x39,0x32,0x2c,0x38,0x34,0x2e,0x34,0x37,0x20,0x4c,
  0x20,0x31,0x34,0x36,0x2e,0x37,0x32,0x2c,0x38,0x34,0x2e,0x34,0x37,0x20,0x4c,0x20,
  0x31,0x34,0x36,0x2e,0x37,0x32,0x2c,0x38,0x32,0x2e,0x34,0x37,0x20,0x4c,0x20,0x31,
  0x34,0x33,0x2e,0x39,0x32,0x2c,0x38,0x32,0x2e,0x34,0x37,0x20,0x5a,0x20,0x4d,0x20,
  0x31,0x34,0x39,0x2e,0x33,0x32,0x2c,0x39,0x34,0x2e,0x34,0x37,0x20,0x51,0x20,0x31,
  0x35,0x31,0x2e,0x33,0x32,0x2c,0x39,0x32,0x2e,0x34,0x37,0x20,0x31,0x35,0x33,0x2e,
  0x33,0x32,0x2c,0x39,0x34,0x2e,0x34,0x37,0x20,0x51,0x20,0x31,0x35,0x35,0x2e,0x33,
  0x32,0x2c,0x39,0x36,0x2e,0x34,0x37,0x20,0x31,0x35,0x37,0x2e,0x33,0x32,0x2c,0x39,
  0x34,0x2e,0x34,0x37,0x20,0x4d,0x20,0x31,0x34,0x39,0x2e,0x33,0x32,0x2c,0x39,0x37,
  0x2e,0x34,0x37,0x20,0x51,0x20,0x31,0x35,0x31,0x2e,0x33,0x32,0x2c,0x39,0x35,0x2e,
  0x34,0x37,0x20,0x31,0x35,0x33,0x2e,0x33,0x32,0x2c,0x39,0x37,0x2e,0x34,0x37,0x20,
  0x51,0x20,0x31,0x35,0x35,0x2e,0x33,0x32,0x2c,0x39,0x39,0x2e,0x34,0x37,0x20,0x31,
  0x35,0x37,0x2e,0x33,0x32,0x2c,0x39,0x37,0x2e,0x34,0x37,0x22,0x20,0x66,0x69,0x6c,
  0x6c,0x3d,0x22,0x23,0x46,0x46,0x36,0x42,0x33,0x35,0x22,0x20,0x73,0x74,0x72,0x6f,
  0x6b,0x65,0x3d,0x22,0x6e,0x6f,0x6e,0x65,0x22,0x20,0x2f,0x3e,0xa,0x3c,0x2f,0x73,
  0x76,0x67,0x3e,
    // X:/QmlIVI/resources/Images/temp/temp_needle.svg
  0x0,0x0,0x0,0xd1,
  0x3c,
  0x3f,0x78,0x6d,0x6c,0x20,0x76,0x65,0x72,0x73,0x69,0x6f,0x6e,0x3d,0x22,0x31,0x2e,
  0x30,0x22,0x20,0x65,0x6e,0x63,0x6f,0x64,0x69,0x6e,0x67,0x3d,0x22,0x55,0x54,0x46,
  0x2d,0x38,0x22,0x3f,0x3e,0xa,0x3c,0x73,0x76,0x67,0x20,0x76,0x69,0x65,0x77,0x42,
  0x6f,0x78,0x3d,0x22,0x30,0x20,0x30,0x20,0x32,0x30,0x30,0x20,0x32,0x30,0x30,0x22,
  0x20,0x78,0x6d,0x6c,0x6e,0x73,0x3d,0x22,0x68,0x74,0x74,0x70,0x3a,0x2f,0x2f,0x77,
  0x77,0x77,0x2e,0x77,0x33,0x2e,0x6f,0x72,0x67,0x2f,0x32,0x30,0x30,0x30,0x2f,0x73,
  0x76,0x67,0x22,0x3e,0xa,0x3c,0x70,0x61,0x74,0x68,0x20,0x64,0x3d,0x22,0x4d,0x20,
  0x31,0x30,0x30,0x2c,0x32,0x30,0x20,0x4c,0x20,0x31,0x30,0x32,0x2e,0x34,0x2c,0x31,
  0x30,0x30,0x20,0x4c,0x20,0x31,0x30,0x31,0x2e,0x36,0x2c,0x31,0x31,0x30,0x2e,0x35,
  0x20,0x4c,0x20,0x31,0x30,0x30,0x2c,0x31,0x31,0x33,0x2e,0x35,0x20,0x4c,0x20,0x39,
  0x38,0x2e,0x34,0x2c,0x31,0x31,0x30,0x2e,0x35,0x20,0x4c,0x20,0x39,0x37,0x2e,0x36,
  0x2c,0x31,0x30,0x30,0x20,0x5a,0x22,0x20,0x66,0x69,0x6c,0x6c,0x3d,0x22,0x23,0x46,
  0x46,0x33,0x42,0x33,0x30,0x22,0x20,0x2f,0x3e,0xa,0x3c,0x2f,0x73,0x76,0x67,0x3e,
  
    // X:/QmlIVI/resources/Images/temp/temp_case.svg
  0x0,0x0,0x1,0xff,
  0x3c,
  0x3f,0x78,0x6d,0x6c,0x20,0x76,0x65,0x72,0x73,0x69,0x6f,0x6e,0x3d,0x22,0x31,0x2e,
  0x30,0x22,0x20,0x65,0x6e,0x63,0x6f,0x64,0x69,0x6e,0x67,0x3d,0x22,0x55,0x54,0x46,
  0x2d,0x38,0x22,0x3f,0x3e,0xa,0x3c,0x73,0x76,0x67,0x20,0x76,0x69,0x65,0x77,0x42,
  0x6f,0x78,0x3d,0x22,0x30,0x20,0x30,0x20,0x32,0x30,0x30,0x20,0x32,0x30,0x30,0x22,
  0x20,0x78,0x6d,0x6c,0x6e,0x73,0x3d,0x22,0x68,0x74,0x74,0x70,0x3a,0x2f,0x2f,0x77,
  0x77,0x77,0x2e,0x77,0x33,0x2e,0x6f,0x72,0x67,0x2f,0x32,0x30,0x30,0x30,0x2f,0x73,
  0x76,0x67,0x22,0x3e,0xa,0x3c,0x64,0x65,0x66,0x73,0x3e,0xa,0x3c,0x6c,0x69,0x6e,
  0x65,0x61,0x72,0x47,0x72,0x61,0x64,0x69,0x65,0x6e,0x74,0x20,0x69,0x64,0x3d,0x22,
  0x63,0x68,0x72,0x6f,0x6d,0x65,0x53,0x6d,0x61,0x6c,0x6c,0x54,0x65,0x6d,0x70,0x22,
  0x20,0x78,0x31,0x3d,0x22,0x30,0x25,0x22,0x20,0x79,0x31,0x3d,0x22,0x30,0x25,0x22,
  0x20,0x78,0x32,0x3d,0x22,0x30,0x25,0x22,0x20,0x79,0x32,0x3d,0x22,0x31,0x30,0x30,
  0x25,0x22,0x3e,0xa,0x3c,0x73,0x74,0x6f,0x70,0x20,0x6f,0x66,0x66,0x73,0x65,0x74,
  0x3d,0x22,0x30,0x25,0x22,0x20,0x73,0x74,0x6f,0x70,0x2d,0x63,0x6f,0x6c,0x6f,0x72,
  0x3d,0x22,0x23,0x36,0x36,0x36,0x36,0x36,0x36,0x22,0x2f,0x3e,0xa,0x3c,0x73,0x74,
  0x6f,0x70,0x20,0x6f,0x66,0x66,0x73,0x65,0x74,0x3d,0x22,0x35,0x30,0x25,0x22,0x20,
  0x73,0x74,0x6f,0x70,0x2d,0x63,0x6f,0x6c,0x6f,0x72,0x3d,0x22,0x23,0x43,0x43,0x43,
  0x43,0x43,0x43,0x22,0x2f,0x3e,0xa,0x3c,0x73,0x74,0x6f,0x70,0x20,0x6f,0x66,0x66,
  0x73,0x65,0x74,0x3d,0x22,0x31,0x30,0x30,0x25,0x22,0x20,0x73,0x74,0x6f,0x70,0x2d,
  0x63,0x6f,0x6c,0x6f,0x72,0x3d,0x22,0x23,0x36,0x36,0x36,0x36,0x36,0x36,0x22,0x2f,
  0x3e,0xa,0x3c,0x2f,0x6c,0x69,0x6e,0x65,0x61,0x72,0x47,0x72,0x61,0x64,0x69,0x65,
  0x6e,0x74,0x3e,0xa,0x3c,0x2f,0x64,0x65,0x66,0x73,0x3e,0xa,0x3c,0x70,0x61,0x74,
  0x68,0x20,0x64,0x3d,0x22,0x4d,0x20,0x31,0x30,0x30,0x2c,0x30,0x20,0x41,0x20,0x31,
  0x30,0x30,0x2c,0x31,0x30,0x30,0x20,0x30,0x20,0x31,0x20,0x31,0x20,0x31,0x30,0x30,
  0x2c,0x32,0x30,0x30,0x20,0x41,0x20,0x31,0x30,0x30,0x2c,0x31,0x30,0x30,0x20,0x30,
  0x20,0x31,0x20,0x31,0x20,0x31,0x30,0x30,0x2c,0x30,0x20,0x5a,0x20,0x4d,0x20,0x31,
  0x30,0x30,0x2c,0x31,0x30,0x20,0x41,0x20,0x39,0x30,0x2c,0x39,0x30,0x20,0x30,0x20,
  0x31,0x20,0x30,0x20,0x31,0x30,0x30,0x2c,0x31,0x39,0x30,0x20,0x41,0x20,0x39,0x30,
  0x2c,0x39,0x30,0x20,0x30,0x20,0x31,0x20,0x30,0x20,0x31,0x30,0x30,0x2c,0x31,0x30,
  0x20,0x5a,0x22,0x20,0x66,0x69,0x6c,0x6c,0x3d,0x22,0x75,0x72,0x6c,0x28,0x23,0x63,
  0x68,0x72,0x6f,0x6d,0x65,0x53,0x6d,0x61,0x6c,0x6c,0x54,0x65,0x6d,0x70,0x29,0x22,
  0x20,0x66,0x69,0x6c,0x6c,0x2d,0x72,0x75,0x6c,0x65,0x3d,0x22,0x65,0x76,0x65,0x6e,
  0x6f,0x64,0x64,0x22,0x20,0x2f,0x3e,0xa,0x3c,0x2f,0x73,0x76,0x67,0x3e,
    // X:/QmlIVI/resources/Images/fuel/fuel_face.svg
  0x0,0x0,0x6,0xf0,
  0x3c,
  0x3f,0x78,0x6d,0x6c,0x20,0x76,0x65,0x72,0x73,0x69,0x6f,0x6e,0x3d,0x22,0x31,0x2e,
  0x30,0x22,0x20,0x65,0x6e,0x63,0x6f,0x64,0x69,0x6e,0x67,0x3d,0x22,0x55,0x54,0x46,
  0x2d,0x38,0x22,0x3f,0x3e,0xa,0x3c,0x73,0x76,0x67,0x20,0x76,0x69,0x65,0x77,0x42,
  0x6f,0x78,0x3d,0x22,0x30,0x20,0x30,0x20,0x32,0x30,0x30,0x20,0x32,0x30,0x30,0x22,
  0x20,0x78,0x6d,0x6c,0x6e,0x73,0x3d,0x22,0x68,0x74,0x74,0x70,0x3a,0x2f,0x2f,0x77,
  0x77,0x77,0x2e,0x77,0x33,0x2e,0x6f,0x72,0x67,0x2f,0x32,0x30,0x30,0x30,0x2f,0x73,
  0x76,0x67,0x22,0x3e,0xa,0x3c,0x63,0x69,0x72,0x63,0x6c,0x65,0x20,0x63,0x78,0x3d,
  0x22,0x31,0x30,0x30,0x22,0x20,0x63,0x79,0x3d,0x22,0x31,0x30,0x30,0x22,0x20,0x72,
  0x3d,0x22,0x39,0x37,0x22,0x20,0x66,0x69,0x6c,0x6c,0x3d,0x22,0x23,0x30,0x44,0x30,
  0x44,0x30,0x44,0x22,0x20,0x2f,0x3e,0xa,0x3c,0x6c,0x69,0x6e,0x65,0x20,0x78,0x31,
  0x3d,0x22,0x32,0x38,0x2e,0x39,0x38,0x36,0x22,0x20,0x79,0x31,0x3d,0x22,0x31,0x34,
  0x31,0x2e,0x30,0x30,0x30,0x22,0x20,0x78,0x32,0x3d,0x22,0x33,0x39,0x2e,0x33,0x37,
  0x38,0x22,0x20,0x79,0x32,0x3d,0x22,0x31,0x33,0x35,0x2e,0x30,0x30,0x30,0x22,0x20,
  0x73,0x74,0x72,0x6f,0x6b,0x65,0x3d,0x22,0x23,0x46,0x46,0x36,0x42,0x33,0x35,0x22,
  0x20,0x73,0x74,0x72,0x6f,0x6b,0x65,0x2d,0x77,0x69,0x64,0x74,0x68,0x3d,0x22,0x32,
  0x2e,0x36,0x22,0x20,0x73,0x74,0x72,0x6f,0x6b,0x65,0x2d,0x6c,0x69,0x6e,0x65,0x63,
  0x61,0x70,0x3d,0x22,0x72,0x6f,0x75,0x6e,0x64,0x22,0x20,0x2f,0x3e,0xa,0x3c,0x6c,
  0x69,0x6e,0x65,0x20,0x78,0x31,0x3d,0x22,0x32,0x38,0x2e,0x39,0x38,0x36,0x22,0x20,
  0x79,0x31,0x3d,0x22,0x35,0x39,0x2e,0x30,0x30,0x30,0x22,0x20,0x78,0x32,0x3d,0x22,
  0x33,0x35,0x2e,0x30,0x34,0x38,0x22,0x20,0x79,0x32,0x3d,0x22,0x36,0x32,0x2e,0x35,
  0x30,0x30,0x22,0x20,0x73,0x74,0x72,0x6f,0x6b,0x65,0x3d,0x22,0x23,0x46,0x46,0x36,
  0x42,0x33,0x35,0x22,0x20,0x73,0x74,0x72,0x6f,0x6b,0x65,0x2d,0x77,0x69,0x64,0x74,
  0x68,0x3d,0x22,0x31,0x2e,0x36,0x22,0x20,0x73,0x74,0x72,0x6f,0x6b,0x65,0x2d,0x6c,
  0x69,0x6e,0x65,0x63,0x61,0x70,0x3d,0x22,0x72,0x6f,0x75,0x6e,0x64,0x22,0x20,0x2f,
  0x3e,0xa,0x3c,0x6c,0x69,0x6e,0x65,0x20,0x78,0x31,0x3d,0x22,0x31,0x30,0x30,0x2e,
  0x30,0x30,0x30,0x22,0x20,0x79,0x31,0x3d,0x22,0x31,0x38,0x2e,0x30,0x30,0x30,0x22,
  0x20,0x78,0x32,0x3d,0x22,0x31,0x30,0x30,0x2e,0x30,0x30,0x30,0x22,0x20,0x79,0x32,
  0x3d,0x22,0x33,0x30,0x2e,0x30,0x30,0x30,0x22,0x20,0x73,0x74,0x72,0x6f,0x6b,0x65,
  0x3d,0x22,0x23,0x46,0x46,0x36,0x42,0x33,0x35,0x22,0x20,0x73,0x74,0x72,0x6f,0x6b,
  0x65,0x2d,0x77,0x69,0x64,0x74,0x68,0x3d,0x22,0x32,0x2e,0x36,0x22,0x20,0x73,0x74,
  0x72,0x6f,0x6b,0x65,0x2d,0x6c,0x69,0x6e,0x65,0x63,0x61,0x70,0x3d,0x22,0x72,0x6f,
  0x75,0x6e,0x64,0x22,0x20,0x2f,0x3e,0xa,0x3c,0x6c,0x69,0x6e,0x65,0x20,0x78,0x31,
  0x3d,0x22,0x31,0x37,0x31,0x2e,0x30,0x31,0x34,0x22,0x20,0x79,0x31,0x3d,0x22,0x35,
  0x39,0x2e,0x30,0x30,0x30,0x22,0x20,0x78,0x32,0x3d,0x22,0x31,0x36,0x34,0x2e,0x39,
  0x35,0x32,0x22,0x20,0x79,0x32,0x3d,0x22,0x36,0x32,0x2e,0x35,0x30,0x30,0x22,0x20,
  0x73,0x74,0x72,0x6f,0x6b,0x65,0x3d,0x22,0x23,0x46,0x46,0x36,0x42,0x33,0x35,0x22,
  0x20,0x73,0x74,0x72,0x6f,0x6b,0x65,0x2d,0x77,0x69,0x64,0x74,0x68,0x3d,0x22,0x31,
  0x2e,0x36,0x22,0x20,0x73,0x74,0x72,0x6f,0x6b,0x65,0x2d,0x6c,0x69,0x6e,0x65,0x63,
  0x61,0x70,0x3d,0x22,0x72,0x6f,0x75,0x6e,0x64,0x22,0x20,0x2f,0x3e,0xa,0x3c,0x6c,
  0x69,0x6e,0x65,0x20,0x78,0x31,0x3d,0x22,0x31,0x37,0x31,0x2e,0x30,0x31,0x34,0x22,
  0x20,0x79,0x31,0x3d,0x22,0x31,0x34,0x31,0x2e,0x30,0x30,0x30,0x22,0x20,0x78,0x32,
  0x3d,0x22,0x31,0x36,0x30,0x2e,0x36,0x32,0x32,0x22,0x20,0x79,0x32,0x3d,0x22,0x31,
  0x33,0x35,0x2e,0x30,0x30,0x30,0x22,0x20,0x73,0x74,0x72,0x6f,0x6b,0x65,0x3d,0x22,
  0x23,0x46,0x46,0x36,0x42,0x33,0x35,0x22,0x20,0x73,0x74,0x72,0x6f,0x6b,0x65,0x2d,
  0x77,0x69,0x64,0x74,0x68,0x3d,0x22,0x32,0x2e,0x36,0x22,0x20,0x73,0x74,0x72,0x6f,
  0x6b,0x65,0x2d,0x6c,0x69,0x6e,0x65,0x63,0x61,0x70,0x3d,0x22,0x72,0x6f,0x75,0x6e,
  0x64,0x22,0x20,0x2f,0x3e,0xa,0x3c,0x70,0x61,0x74,0x68,0x20,0x64,0x3d,0x22,0x4d,
  0x20,0x35,0x33,0x2e,0x35,0x32,0x31,0x20,0x31,0x32,0x37,0x2e,0x39,0x37,0x36,0x20,
  0x5a,0x20,0x4d,0x20,0x35,0x36,0x2e,0x39,0x30,0x34,0x20,0x31,0x32,0x38,0x2e,0x30,
  0x30,0x34,0x20,0x5a,0x22,0x20,0x66,0x69,0x6c,0x6c,0x3d,0x22,0x23,0x46,0x46,0x36,
  0x42,0x33,0x35,0x22,0x20,0x73,0x74,0x72,0x6f,0x6b,0x65,0x3d,0x22,0x6e,0x6f,0x6e,
  0x65,0x22,0x20,0x2f,0x3e,0xa,0x3c,0x70,0x61,0x74,0x68,0x20,0x64,0x3d,0x22,0x4d,
  0x20,0x38,0x36,0x2e,0x30,0x36,0x35,0x20,0x34,0x35,0x2e,0x35,0x30,0x37,0x20,0x4c,
  0x20,0x38,0x39,0x2e,0x30,0x35,0x34,0x20,0x34,0x35,0x2e,0x35,0x30,0x37,0x20,0x4c,
  0x20,0x38,0x39,0x2e,0x30,0x35,0x34,0x20,0x33,0x37,0x2e,0x30,0x32,0x35,0x20,0x4c,
  0x20,0x38,0x35,0x2e,0x39,0x38,0x36,0x20,0x33,0x37,0x2e,0x36,0x35,0x37,0x20,0x4c,
  0x20,0x38,0x35,0x2e,0x39,0x38,0x36,0x20,0x33,0x35,0x2e,0x33,0x35,0x34,0x20,0x4c,
  0x20,0x38,0x39,0x2e,0x30,0x33,0x35,0x20,0x33,0x34,0x2e,0x37,0x32,0x31,0x20,0x4c,
  0x20,0x39,0x32,0x2e,0x32,0x35,0x32,0x20,0x33,0x34,0x2e,0x37,0x32,0x31,0x20,0x4c,
  0x20,0x39,0x32,0x2e,0x32,0x35,0x32,0x20,0x34,0x35,0x2e,0x35,0x30,0x37,0x20,0x4c,
  0x20,0x39,0x35,0x2e,0x32,0x34,0x32,0x20,0x34,0x35,0x2e,0x35,0x30,0x37,0x20,0x4c,
  0x20,0x39,0x35,0x2e,0x32,0x34,0x32,0x20,0x34,0x37,0x2e,0x38,0x34,0x34,0x20,0x4c,
  0x20,0x38,0x36,0x2e,0x30,0x36,0x35,0x20,0x34,0x37,0x2e,0x38,0x34,0x34,0x20,0x4c,
  0x20,0x38,0x36,0x2e,0x30,0x36,0x35,0x20,0x34,0x35,0x2e,0x35,0x30,0x37,0x20,0x5a,
  0x20,0x4d,0x20,0x31,0x30,0x31,0x2e,0x31,0x30,0x33,0x20,0x33,0x34,0x2e,0x37,0x32,
  0x31,0x20,0x4c,0x20,0x31,0x30,0x33,0x2e,0x30,0x35,0x35,0x20,0x33,0x34,0x2e,0x37,
  0x32,0x31,0x20,0x4c,0x20,0x39,0x38,0x2e,0x34,0x32,0x33,0x20,0x34,0x39,0x2e,0x35,
  0x31,0x35,0x20,0x4c,0x20,0x39,0x36,0x2e,0x34,0x38,0x30,0x20,0x34,0x39,0x2e,0x35,
  0x31,0x35,0x20,0x4c,0x20,0x31,0x30,0x31,0x2e,0x31,0x30,0x33,0x20,0x33,0x34,0x2e,
  0x37,0x32,0x31,0x20,0x5a,0x20,0x4d,0x20,0x31,0x30,0x38,0x2e,0x32,0x34,0x30,0x20,
  0x34,0x35,0x2e,0x33,0x35,0x38,0x20,0x4c,0x20,0x31,0x31,0x34,0x2e,0x30,0x31,0x34,
  0x20,0x34,0x35,0x2e,0x33,0x35,0x38,0x20,0x4c,0x20,0x31,0x31,0x34,0x2e,0x30,0x31,
  0x34,0x20,0x34,0x37,0x2e,0x38,0x34,0x34,0x20,0x4c,0x20,0x31,0x30,0x34,0x2e,0x34,
  0x37,0x37,0x20,0x34,0x37,0x2e,0x38,0x34,0x34,0x20,0x4c,0x20,0x31,0x30,0x34,0x2e,
  0x34,0x37,0x37,0x20,0x34,0x35,0x2e,0x33,0x35,0x38,0x20,0x4c,0x20,0x31,0x30,0x39,
  0x2e,0x32,0x36,0x37,0x20,0x34,0x31,0x2e,0x31,0x32,0x38,0x20,0x4c,0x20,0x31,0x30,
  0x34,0x2e,0x35,0x31,0x34,0x20,0x33,0x35,0x2e,0x32,0x35,0x38,0x20,0x4c,0x20,0x31,
  0x30,0x38,0x2e,0x32,0x34,0x30,0x20,0x34,0x35,0x2e,0x33,0x35,0x38,0x20,0x5a,0x22,
  0x20,0x66,0x69,0x6c,0x6c,0x3d,0x22,0x23,0x46,0x46,0x36,0x42,0x33,0x35,0x22,0x20,
  0x73,0x74,0x72,0x6f,0x6b,0x65,0x3d,0x22,0x6e,0x6f,0x6e,0x65,0x22,0x20,0x2f,0x3e,
  0xa,0x3c,0x70,0x61,0x74,0x68,0x20,0x64,0x3d,0x22,0x4d,0x20,0x31,0x34,0x33,0x2e,
  0x39,0x34,0x38,0x20,0x31,0x33,0x32,0x2e,0x32,0x32,0x34,0x20,0x4c,0x20,0x31,0x34,
  0x36,0x2e,0x39,0x33,0x38,0x20,0x31,0x33,0x32,0x2e,0x32,0x32,0x34,0x20,0x4c,0x20,
  0x31,0x34,0x36,0x2e,0x39,0x33,0x38,0x20,0x31,0x32,0x33,0x2e,0x37,0x34,0x32,0x20,
  0x4c,0x20,0x31,0x34,0x33,0x2e,0x38,0x36,0x39,0x20,0x31,0x32,0x34,0x2e,0x33,0x37,
  0x35,0x20,0x4c,0x20,0x31,0x34,0x33,0x2e,0x38,0x36,0x39,0x20,0x31,0x32,0x32,0x2e,
  0x30,0x37,0x31,0x20,0x4c,0x20,0x31,0x34,0x36,0x2e,0x39,0x31,0x38,0x20,0x31,0x32,
  0x31,0x2e,0x34,0x33,0x38,0x20,0x4c,0x20,0x31,0x35,0x30,0x2e,0x31,0x33,0x36,0x20,
  0x31,0x32,0x31,0x2e,0x34,0x33,0x38,0x20,0x4c,0x20,0x31,0x35,0x30,0x2e,0x31,0x33,
  0x36,0x20,0x31,0x33,0x32,0x2e,0x32,0x32,0x34,0x20,0x4c,0x20,0x31,0x35,0x33,0x2e,
  0x31,0x32,0x35,0x20,0x31,0x33,0x32,0x2e,0x32,0x32,0x34,0x20,0x4c,0x20,0x31,0x35,
  0x33,0x2e,0x31,0x32,0x35,0x20,0x31,0x33,0x34,0x2e,0x35,0x36,0x32,0x20,0x4c,0x20,
  0x31,0x34,0x33,0x2e,0x39,0x34,0x38,0x20,0x31,0x33,0x34,0x2e,0x35,0x36,0x32,0x20,
  0x4c,0x20,0x31,0x34,0x33,0x2e,0x39,0x34,0x38,0x20,0x31,0x33,0x32,0x2e,0x32,0x32,
  0x34,0x20,0x5a,0x22,0x20,0x66,0x69,0x6c,0x6c,0x3d,0x22,0x23,0x46,0x46,0x36,0x42,
  0x33,0x35,0x22,0x20,0x73,0x74,0x72,0x6f,0x6b,0x65,0x3d,0x22,0x6e,0x6f,0x6e,0x65,
  0x22,0x20,0x2f,0x3e,0xa,0x3c,0x70,0x61,0x74,0x68,0x20,0x64,0x3d,0x22,0x4d,0x20,
  0x35,0x37,0x2e,0x39,0x37,0x2c,0x31,0x32,0x36,0x2e,0x30,0x30,0x20,0x4c,0x20,0x36,
  0x37,0x2e,0x39,0x37,0x2c,0x31,0x32,0x36,0x2e,0x30,0x30,0x20,0x4c,0x20,0x36,0x37,
  0x2e,0x39,0x37,0x2c,0x31,0x33,0x38,0x2e,0x30,0x30,0x20,0x4c,0x20,0x35,0x37,0x2e,
  0x39,0x37,0x2c,0x31,0x33,0x38,0x2e,0x30,0x30,0x20,0x5a,0x20,0x4d,0x20,0x36,0x35,
  0x2e,0x39,0x37,0x2c,0x31,0x32,0x36,0x2e,0x30,0x30,0x20,0x4c,0x20,0x36,0x39,0x2e,
  0x39,0x37,0x2c,0x31,0x32,0x39,0x2e,0x30,0x30,0x20,0x4c,0x20,0x36,0x39,0x2e,0x39,
  0x37,0x2c,0x31,0x33,0x31,0x2e,0x30,0x30,0x20,0x4c,0x20,0x36,0x35,0x2e,0x39,0x37,
  0x2c,0x31,0x33,0x30,0x2e,0x30,0x30,0x20,0x5a,0x20,0x4d,0x20,0x36,0x30,0x2e,0x39,
  0x37,0x2c,0x31,0x33,0x34,0x2e,0x30,0x30,0x20,0x4c,0x20,0x36,0x34,0x2e,0x39,0x37,
  0x2c,0x31,0x33,0x34,0x2e,0x30,0x30,0x20,0x4c,0x20,0x36,0x34,0x2e,0x39,0x37,0x2c,
  0x31,0x33,0x36,0x2e,0x30,0x30,0x20,0x4c,0x20,0x36,0x30,0x2e,0x39,0x37,0x2c,0x31,
  0x33,0x36,0x2e,0x30,0x30,0x20,0x5a,0x22,0x20,0x66,0x69,0x6c,0x6c,0x3d,0x22,0x23,
  0x46,0x46,0x36,0x42,0x33,0x35,0x22,0x20,0x73,0x74,0x72,0x6f,0x6b,0x65,0x3d,0x22,
  0x6e,0x6f,0x6e,0x65,0x22,0x20,0x2f,0x3e,0xa,0x3c,0x2f,0x73,0x76,0x67,0x3e,
    // X:/QmlIVI/resources/Images/fuel/fuel_case.svg
  0x0,0x0,0x1,0xf7,
  0x3c,
  0x3f,0x78,0x6d,0x6c,0x20,0x76,0x65,0x72,0x73,0x69,0x6f,0x6e,0x3d,0x22,0x31,0x2e,
  0x30,0x22,0x20,0x65,0x6e,0x63,0x6f,0x64,0x69,0x6e,0x67,0x3d,0x22,0x55,0x54,0x46,
  0x2d,0x38,0x22,0x3f,0x3e,0xa,0x3c,0x73,0x76,0x67,0x20,0x76,0x69,0x65,0x77,0x42,
  0x6f,0x78,0x3d,0x22,0x30,0x20,0x30,0x20,0x32,0x30,0x30,0x20,0x32,0x30,0x30,0x22,
  0x20,0x78,0x6d,0x6c,0x6e,0x73,0x3d,0x22,0x68,0x74,0x74,0x70,0x3a,0x2f,0x2f,0x77,
  0x77,0x77,0x2e,0x77,0x33,0x2e,0x6f,0x72,0x67,0x2f,0x32,0x30,0x30,0x30,0x2f,0x73,
  0x76,0x67,0x22,0x3e,0xa,0x3c,0x64,0x65,0x66,0x73,0x3e,0xa,0x3c,0x6c,0x69,0x6e,
  0x65,0x61,0x72,0x47,0x72,0x61,0x64,0x69,0x65,0x6e,0x74,0x20,0x69,0x64,0x3d,0x22,
  0x63,0x68,0x72,0x6f,0x6d,0x65,0x53,0x6d,0x61,0x6c,0x6c,0x22,0x20,0x78,0x31,0x3d,
  0x22,0x30,0x25,0x22,0x20,0x79,0x31,0x3d,0x22,0x30,0x25,0x22,0x20,0x78,0x32,0x3d,
  0x22,0x30,0x25,0x22,0x20,0x79,0x32,0x3d,0x22,0x31,0x30,0x30,0x25,0x22,0x3e,0xa,
  0x3c,0x73,0x74,0x6f,0x70,0x20,0x6f,0x66,0x66,0x73,0x65,0x74,0x3d,0x22,0x30,0x25,
  0x22,0x20,0x73,0x74,0x6f,0x70,0x2d,0x63,0x6f,0x6c,0x6f,0x72,0x3d,0x22,0x23,0x36,
  0x36,0x36,0x36,0x36,0x36,0x22,0x2f,0x3e,0xa,0x3c,0x73,0x74,0x6f,0x70,0x20,0x6f,
  0x66,0x66,0x73,0x65,0x74,0x3d,0x22,0x35,0x30,0x25,0x22,0x20,0x73,0x74,0x6f,0x70,
  0x2d,0x63,0x6f,0x6c,0x6f,0x72,0x3d,0x22,0x23,0x43,0x43,0x43,0x43,0x43,0x43,0x22,
  0x2f,0x3e,0xa,0x3c,0x73,0x74,0x6f,0x70,0x20,0x6f,0x66,0x66,0x73,0x65,0x74,0x3d,
  0x22,0x31,0x30,0x30,0x25,0x22,0x20,0x73,0x74,0x6f,0x70,0x2d,0x63,0x6f,0x6c,0x6f,
  0x72,0x3d,0x22,0x23,0x36,0x36,0x36,0x36,0x36,0x36,0x22,0x2f,0x3e,0xa,0x3c,0x2f,
  0x6c,0x69,0x6e,0x65,0x61,0x72,0x47,0x72,0x61,0x64,0x69,0x65,0x6e,0x74,0x3e,0xa,
  0x3c,0x2f,0x64,0x65,0x66,0x73,0x3e,0xa,0x3c,0x70,0x61,0x74,0x68,0x20,0x64,0x3d,
  0x22,0x4d,0x20,0x31,0x30,0x30,0x2c,0x30,0x20,0x41,0x20,0x31,0x30,0x30,0x2c,0x31,
  0x30,0x30,0x20,0x30,0x20,0x31,0x20,0x31,0x20,0x31,0x30,0x30,0x2c,0x32,0x30,0x30,
  0x20,0x41,0x20,0x31,0x30,0x30,0x2c,0x31,0x30,0x30,0x20,0x30,0x20,0x31,0x20,0x31,
  0x20,0x31,0x30,0x30,0x2c,0x30,0x20,0x5a,0x20,0x4d,0x20,0x31,0x30,0x30,0x2c,0x31,
  0x30,0x20,0x41,0x20,0x39,0x30,0x2c,0x39,0x30,0x20,0x30,0x20,0x31,0x20,0x30,0x20,
  0x31,0x30,0x30,0x2c,0x31,0x39,0x30,0x20,0x41,0x20,0x39,0x30,0x2c,0x39,0x30,0x20,
  0x30,0x20,0x31,0x20,0x30,0x20,0x31,0x30,0x30,0x2c,0x31,0x30,0x20,0x5a,0x22,0x20,
  0x66,0x69,0x6c,0x6c,0x3d,0x22,0x75,0x72,0x6c,0x28,0x23,0x63,0x68,0x72,0x6f,0x6d,
  0x65,0x53,0x6d,0x61,0x6c,0x6c,0x29,0x22,0x20,0x66,0x69,0x6c,0x6c,0x2d,0x72,0x75,
  0x6c,0x65,0x3d,0x22,0x65,0x76,0x65,0x6e,0x6f,0x64,0x64,0x22,0x20,0x2f,0x3e,0xa,
  0x3c,0x2f,0x73,0x76,0x67,0x3e,
    // X:/QmlIVI/resources/Images/fuel/fuel_needle.svg
  0x0,0x0,0x0,0xd1,
  0x3c,
  0x3f,0x78,0x6d,0x6c,0x20,0x76,0x65,0x72,0x73,0x69,0x6f,0x6e,0x3d,0x22,0x31,0x2e,
  0x30,0x22,0x20,0x65,0x6e,0x63,0x6f,0x64,0x69,0x6e,0x67,0x3d,0x22,0x55,0x54,0x46,
  0x2d,0x38,0x22,0x3f,0x3e,0xa,0x3c,0x73,0x76,0x67,0x20,0x76,0x69,0x65,0x77,0x42,
  0x6f,0x78,0x3d,0x22,0x30,0x20,0x30,0x20,0x32,0x30,0x30,0x20,0x32,0x30,0x30,0x22,
  0x20,0x78,0x6d,0x6c,0x6e,0x73,0x3d,0x22,0x68,0x74,0x74,0x70,0x3a,0x2f,0x2f,0x77,
  0x77,0x77,0x2e,0x77,0x33,0x2e,0x6f,0x72,0x67,0x2f,0x32,0x30,0x30,0x30,0x2f,0x73,
  0x76,0x67,0x22,0x3e,0xa,0x3c,0x70,0x61,0x74,0x68,0x20,0x64,0x3d,0x22,0x4d,0x20,
  0x31,0x30,0x30,0x2c,0x32,0x30,0x20,0x4c,0x20,0x31,0x30,0x32,0x2e,0x34,0x2c,0x31,
  0x30,0x30,0x20,0x4c,0x20,0x31,0x30,0x31,0x2e,0x36,0x2c,0x31,0x31,0x30,0x2e,0x35,
  0x20,0x4c,0x20,0x31,0x30,0x30,0x2c,0x31,0x31,0x33,0x2e,0x35,0x20,0x4c,0x20,0x39,
  0x38,0x2e,0x34,0x2c,0x31,0x31,0x30,0x2e,0x35,0x20,0x4c,0x20,0x39,0x37,0x2e,0x36,
  0x2c,0x31,0x30,0x30,0x20,0x5a,0x22,0x20,0x66,0x69,0x6c,0x6c,0x3d,0x22,0x23,0x46,
  0x46,0x33,0x42,0x33,0x30,0x22,0x20,0x2f,0x3e,0xa,0x3c,0x2f,0x73,0x76,0x67,0x3e,
  
    // X:/QmlIVI/resources/Images/tacho/tacho_face.svg
  0x0,0x0,0xa,0x12,
  0x0,
  0x0,0x25,0x86,0x78,0x9c,0xad,0x5a,0x4b,0x6f,0x1c,0xb9,0x11,0xbe,0xe7,0x57,0x34,
  0x26,0xe7,0xa5,0xc9,0x2a,0x3e,0x83,0xd5,0x2e,0x6c,0x4,0x7b,0xda,0xbd,0x25,0x97,
  0xbd,0x2d,0x64,0xc5,0x16,0xe2,0x48,0x86,0xac,0x58,0xde,0x7f,0x9f,0xaf,0x8a,0xec,
  0x6e,0x72,0x9a,0x8e,0x25,0x63,0x6c,0x8,0xb0,0xbf,0x61,0xb1,0xde,0x2f,0x8e,0x7e,
  0xfc,0xf9,0xcb,0x7f,0x3e,0x2c,0x9f,0x6f,0x1e,0x3e,0xdd,0xde,0xdf,0x5d,0x9d,0x9c,
  0xb1,0xa7,0xe5,0xe6,0xee,0xfa,0xfe,0xed,0xed,0xdd,0xbb,0xab,0xd3,0x3f,0xff,0xf1,
  0xcb,0xf,0xf9,0xf4,0xf3,0x4f,0x7f,0xf9,0xf1,0xd3,0xe7,0x77,0xcb,0xe7,0xdb,0x9b,
  0xa7,0x37,0xf7,0x5f,0xae,0x4e,0x76,0xb1,0x8b,0xb7,0xfa,0x73,0x5a,0x40,0x7f,0xf7,
  0xe9,0xea,0xf4,0xfe,0xf1,0xf1,0xe3,0xdf,0x5e,0xbd,0x7a,0x7a,0x7a,0x32,0x4f,0x6c,
  0xee,0x1f,0xde,0xbd,0x22,0x6b,0xed,0x2b,0xd0,0x9d,0x40,0x7e,0x7d,0xfb,0x70,0xfd,
  0xe1,0x66,0xb9,0x6,0x31,0x9,0xd1,0xf5,0x9f,0xed,0x1f,0xf,0xe0,0x59,0xc2,0x69,
  0xf9,0xd7,0xed,0x87,0xf,0x57,0xa7,0xbf,0xda,0xbf,0xcb,0xdf,0xd3,0xf2,0xa,0x34,
  0x1f,0xff,0x78,0x7c,0xbf,0xbc,0xbd,0x3a,0xfd,0xb6,0x70,0x20,0x53,0x6c,0x5a,0x88,
  0xad,0x29,0xce,0x2d,0xaf,0x17,0x17,0xa2,0xfe,0x88,0x24,0x6e,0x61,0xe,0xc6,0x41,
  0x1e,0x4a,0xd9,0x58,0xb9,0xb5,0xde,0x76,0x77,0x7f,0x77,0x73,0x5a,0x3e,0x3d,0x3e,
  0xdc,0xff,0xfb,0x6,0x77,0xff,0xf2,0x8b,0xd5,0xf,0x2b,0xf0,0xc3,0xd3,0xed,0xdb,
  0xc7,0xf7,0x57,0xa7,0xb8,0x1,0x1f,0x6e,0xef,0x6e,0xae,0xff,0xf8,0x78,0x75,0x7a,
  0xb8,0xff,0xef,0xdd,0xdb,0x2a,0x83,0x60,0xcb,0x17,0x77,0x75,0xe2,0xe8,0x4c,0xa2,
  0x7c,0x5a,0xfe,0xc4,0x7f,0x88,0xc9,0xc4,0xe2,0xa1,0x3b,0xe1,0x93,0xc4,0xc6,0x17,
  0x87,0x4f,0x48,0x3e,0x9,0xc6,0x26,0xfa,0x26,0x57,0x32,0xf4,0x4c,0xbe,0xa1,0x18,
  0x4a,0xae,0xf1,0xf5,0xc,0x3d,0x69,0xe5,0x6b,0x4d,0xe,0xbe,0xf1,0xf5,0xd1,0x10,
  0xa7,0x4b,0xf2,0x25,0x3,0x9d,0x1b,0xdf,0xc8,0x86,0x99,0x1b,0x5f,0xfc,0xc7,0x7b,
  0x6a,0x7c,0x63,0x32,0x85,0xcb,0x5,0xf9,0x7a,0x32,0x59,0x4c,0xab,0x7c,0x33,0x99,
  0xa0,0x31,0x26,0x7c,0x3,0x1b,0xca,0xb1,0xf1,0xcd,0xb9,0x7e,0x72,0x29,0xbe,0x85,
  0x4d,0xf1,0xb6,0xb2,0x65,0x8a,0x86,0x4b,0xaa,0x6c,0x9d,0xd,0x26,0x38,0x5b,0xd9,
  0xb2,0x83,0xe3,0xed,0xa8,0x6e,0x7c,0xc3,0xe1,0x9c,0x2d,0x2c,0xf4,0x3c,0xb6,0xe2,
  0x5d,0x9b,0x56,0x6d,0xa3,0xb1,0xdc,0xd8,0xc2,0xae,0xc9,0xdb,0x55,0x59,0x78,0x9a,
  0xe8,0x9b,0x5c,0xc9,0xd8,0x67,0x1a,0xb9,0x18,0xc7,0x2b,0x57,0x8e,0x26,0xb9,0x58,
  0xb9,0x86,0x68,0xe2,0x66,0x62,0x4,0x79,0x72,0xee,0x72,0xba,0x22,0x35,0x32,0x35,
  0x13,0xbb,0xcc,0x26,0x48,0x58,0xb,0x57,0x1f,0x4c,0x4a,0x4d,0x57,0x97,0xbd,0x9,
  0x31,0x5d,0x4e,0x57,0x5f,0xe0,0x31,0x6a,0x5c,0xa1,0x92,0xe3,0xdc,0x2c,0xc,0x6b,
  0x8b,0x2b,0x95,0x2b,0x2c,0x12,0xfc,0x5,0x75,0x4d,0xc5,0x58,0x1f,0x2b,0xd7,0xc,
  0x57,0xae,0xaa,0xc2,0xc5,0x9c,0x52,0x65,0x5a,0xa0,0x69,0xe2,0xcb,0x69,0xea,0x8,
  0xd5,0x3b,0xb7,0x12,0x15,0x50,0x87,0x4a,0xcb,0x58,0x47,0xb0,0x41,0x69,0x5c,0x51,
  0x35,0x8a,0xbd,0xa0,0xa6,0x2e,0x39,0xc3,0xbe,0x71,0xe5,0x84,0xac,0x5c,0x13,0x7,
  0x75,0xd1,0xe6,0x50,0xb9,0xfa,0x64,0x38,0x84,0xcb,0xe9,0x4a,0x4,0xe3,0x95,0xe6,
  0x56,0x44,0x70,0xf6,0x4d,0x57,0x82,0x11,0xca,0xea,0xd6,0xe0,0x4d,0xf4,0xdf,0xce,
  0x9b,0x67,0xeb,0x4a,0x29,0xa0,0x18,0x87,0x66,0x61,0xd4,0xe2,0xd5,0xad,0x4,0xab,
  0x26,0xc7,0x95,0x6b,0x84,0x16,0xc9,0x5e,0x30,0x5b,0x5d,0x36,0xce,0x35,0xb,0x23,
  0x3d,0x52,0x69,0x5c,0x19,0xa5,0x9,0x59,0xda,0xa2,0x49,0x2c,0x7c,0xc1,0xca,0x4,
  0x9f,0x9a,0x18,0xd7,0x74,0xa5,0x6c,0xbc,0x58,0x55,0xd9,0x22,0x59,0x62,0x58,0xf3,
  0x55,0xaa,0x84,0xb8,0xff,0x62,0xda,0xa2,0xbd,0x24,0x57,0x1a,0x5f,0xe4,0x91,0xcf,
  0x6b,0xe3,0x41,0x9d,0xc8,0x61,0xcd,0xd8,0x2c,0xfd,0xf8,0x92,0xd5,0xe9,0xeb,0xd,
  0x3e,0x20,0xa4,0x28,0xad,0x55,0xb1,0x79,0xfa,0x62,0xfa,0x7e,0xbd,0xe1,0x11,0x5c,
  0x6a,0xd7,0x6a,0x8c,0x6c,0x7a,0x4e,0xc3,0xfb,0x96,0xbe,0xfb,0x50,0x85,0x58,0xf6,
  0x91,0x31,0x53,0x21,0x4d,0x29,0x2d,0xbf,0x2e,0xb0,0x75,0xca,0x6e,0x2,0x10,0x54,
  0x4e,0x5e,0x80,0x80,0x54,0x2f,0x8b,0xe4,0x58,0xcc,0xb9,0x3,0x10,0xa1,0xb0,0x5f,
  0x23,0x9,0xb8,0xd4,0x25,0xcc,0x8,0x72,0x7,0xe2,0x55,0x26,0xc5,0x23,0xb0,0x71,
  0x41,0x27,0x87,0xbf,0x67,0x40,0xc4,0x49,0xae,0x5c,0xaa,0xa4,0x7,0xa0,0x92,0xfc,
  0xbe,0x8d,0x8f,0xa3,0x2f,0xd6,0x9,0x70,0xd4,0x1b,0xd7,0x53,0x8,0x32,0x3d,0x1a,
  0x2a,0x22,0x73,0x89,0x28,0x25,0x71,0x6,0x14,0x93,0xb3,0xf0,0x83,0x57,0xd0,0xb9,
  0x66,0xc0,0x4a,0x92,0xa1,0x37,0x67,0x0,0xd6,0x20,0x32,0xdb,0x89,0xc4,0x8b,0xf3,
  0x88,0x2a,0x95,0xf9,0x8c,0xed,0xcb,0x64,0x76,0x8,0x7d,0x31,0x70,0xc1,0x1c,0x9c,
  0xc4,0xf0,0x8e,0xbd,0x29,0xb9,0x2c,0x25,0x23,0x25,0xa2,0x2,0xb8,0x9f,0x1,0x4,
  0xe9,0x6a,0x3d,0xe0,0x4c,0x8e,0x56,0x0,0x6f,0xc1,0x39,0x74,0x80,0x34,0x64,0x4b,
  0xe2,0x91,0xe4,0xfc,0xb,0x25,0x12,0x97,0x87,0x44,0x4b,0x82,0x1c,0x56,0x6e,0x23,
  0x87,0xf1,0xcc,0x65,0x55,0x9c,0xbd,0x2,0xf5,0xc4,0x1,0x68,0x24,0xbf,0x2f,0xbf,
  0x69,0x58,0x24,0x8,0x23,0xa3,0xac,0x46,0x18,0x11,0xaa,0x2a,0x6c,0x7f,0x0,0xf6,
  0x5b,0x8,0x52,0x97,0x34,0x1,0xa4,0xb5,0xc6,0x9e,0xe4,0x0,0xc0,0x7d,0x54,0x7a,
  0xd1,0xe,0xc0,0x46,0xe2,0xac,0x54,0xf7,0x9,0x80,0x9,0x42,0x43,0xff,0x4c,0xf4,
  0x17,0x5a,0xf,0x13,0x1d,0x41,0x7a,0x19,0x2e,0x73,0x90,0x78,0x21,0xb8,0x96,0x73,
  0x98,0x22,0xa8,0x81,0x5e,0x65,0x80,0xa7,0x9c,0x52,0x1d,0x10,0xcc,0xa5,0x9c,0x54,
  0x13,0xad,0x98,0x8,0x5e,0x24,0xad,0x8d,0x8a,0x9c,0xf1,0x7a,0x99,0xa4,0x8c,0x7b,
  0xd8,0xa5,0xc5,0x65,0x4,0x56,0xa8,0x5e,0xd3,0xf9,0x38,0x20,0xda,0x91,0x87,0x45,
  0xe5,0xd8,0x11,0x70,0xf,0xf4,0x52,0x6b,0xa0,0x77,0x45,0x14,0x7,0x42,0xa1,0xb5,
  0x44,0x72,0x9f,0x43,0xc9,0x65,0x37,0x45,0xd0,0x1e,0x92,0x94,0x9,0xb6,0x5e,0x66,
  0xb6,0x85,0x62,0x69,0x49,0x41,0x45,0xa,0x96,0xed,0x10,0x94,0x4f,0x9c,0x8e,0xa0,
  0xc2,0x24,0xe0,0xea,0x99,0x95,0xd7,0x11,0xa9,0xbc,0x5e,0x98,0x99,0xc8,0x78,0xc4,
  0x6,0xb2,0x2b,0x35,0xbf,0x39,0x6c,0x4e,0x81,0xc3,0x14,0x71,0xa8,0x1,0x5e,0x11,
  0x44,0x13,0xa,0xa7,0x96,0x7,0xb5,0xe0,0x86,0xa0,0xb9,0x16,0xd4,0x89,0x46,0x25,
  0x45,0x6,0x88,0x8f,0xa4,0x8,0x7c,0x40,0x3c,0x43,0x3a,0x5e,0x49,0xc6,0xb1,0x29,
  0x82,0xb6,0xad,0x11,0xb1,0xcb,0x7c,0x44,0x2a,0x95,0x78,0xd9,0x45,0xa7,0x4b,0x77,
  0xc7,0x4d,0x36,0x3f,0xa,0x3,0x7f,0xc9,0x20,0x52,0xfa,0xd2,0x6e,0x42,0x2b,0xc0,
  0x8a,0xde,0x21,0x67,0xf7,0xe8,0xdd,0x18,0x1a,0x63,0x11,0x8b,0xc8,0x4e,0xa7,0x16,
  0x49,0x11,0xa7,0x62,0x2f,0x13,0xea,0x84,0xf7,0x61,0x8a,0x4,0x13,0x35,0x6,0xe4,
  0x9e,0x92,0x86,0x33,0xf0,0x7d,0x40,0x35,0x9b,0x21,0x1b,0x15,0x96,0x2b,0xb,0x8f,
  0xf7,0x67,0x10,0x4b,0x39,0x4e,0x11,0x74,0x72,0xc7,0x3,0xd5,0x11,0x41,0x7d,0x61,
  0x6e,0x9a,0x61,0xb7,0xca,0xa5,0x3f,0x85,0x49,0x25,0x4a,0xfe,0x4d,0x90,0x5d,0xb3,
  0x95,0xea,0x88,0x54,0xaa,0xe1,0x6e,0x58,0xd2,0xb2,0xeb,0x6f,0x3a,0x22,0x5e,0xa2,
  0x79,0xbc,0xe9,0x80,0x34,0x2a,0xbd,0xbb,0x48,0x4f,0x67,0xb5,0x92,0xb5,0xda,0x62,
  0x36,0x64,0x93,0x9,0xf5,0x92,0xc4,0xdb,0x13,0x24,0x9b,0xe2,0xec,0x80,0x44,0xe3,
  0x6c,0x95,0x8,0x6d,0x9b,0xc7,0x7b,0xb0,0x6c,0xe7,0x3c,0x45,0x76,0x1b,0xad,0x54,
  0x47,0x64,0xb7,0x36,0x59,0x8c,0x26,0x91,0x54,0xea,0x54,0xa3,0x1d,0xd9,0x5c,0x4a,
  0x6f,0x7f,0x39,0x83,0x55,0x61,0x40,0x50,0xc4,0xe5,0x1,0xc9,0x7b,0x44,0x9f,0xd6,
  0x5a,0x8b,0xaa,0xe2,0xc7,0x33,0xa8,0x68,0x83,0xd7,0xe4,0xc,0x56,0xd6,0xca,0x8b,
  0x73,0x3b,0xe3,0x63,0xef,0x35,0x39,0x93,0xd3,0x88,0xac,0xbc,0x12,0x72,0xdf,0x36,
  0x79,0x7c,0x18,0xbc,0xf,0x99,0x73,0xf4,0x3,0xd5,0xa8,0x57,0xed,0x95,0xd2,0xc5,
  0x52,0x97,0xd9,0xe4,0x2,0x2a,0x4,0x4d,0x91,0xb5,0xd2,0x28,0x55,0xab,0x3d,0xb5,
  0xd2,0x6c,0xc8,0x56,0x69,0x94,0x6a,0xc8,0x74,0xe9,0x87,0x32,0x46,0x4c,0x90,0x9d,
  0x97,0x74,0x6,0xb5,0xd0,0x11,0xd9,0xf4,0xd8,0x64,0x3e,0x22,0x7b,0xa5,0x21,0xc,
  0xba,0x89,0x93,0xfa,0x23,0x40,0x22,0xc5,0x30,0x67,0xb3,0xda,0x56,0xb6,0xe4,0xd4,
  0x30,0xc,0x91,0x29,0x8f,0xe7,0x30,0xd5,0x38,0xad,0x5c,0xdd,0x39,0xb1,0x35,0xd9,
  0xb3,0x73,0x45,0xf9,0x6d,0xe7,0x5e,0x56,0xe5,0x31,0x2a,0x41,0x72,0xf4,0x39,0xc,
  0x4f,0x3a,0xc6,0xca,0x78,0x25,0xf5,0x8d,0x1d,0xa6,0x27,0x64,0xc9,0x6b,0x20,0x56,
  0x7f,0xea,0x93,0x24,0x5c,0x1a,0x42,0xd1,0xe6,0x6b,0x59,0xcc,0x5e,0x9c,0xce,0x7f,
  0xd2,0xb1,0x4b,0xd4,0x27,0x4c,0x99,0x17,0xf1,0xd3,0x28,0xce,0x38,0xbc,0x50,0x3e,
  0x87,0x3e,0x87,0xfc,0x91,0x67,0x31,0x5f,0x54,0x3e,0xf8,0x34,0xb3,0x8,0x80,0x79,
  0x33,0xd0,0x80,0xec,0x67,0x46,0x2a,0xad,0x3,0xeb,0xa9,0x2,0xc1,0x6b,0x1f,0xda,
  0x10,0x86,0x47,0xb4,0x57,0xc1,0x87,0x1,0x55,0x7b,0x82,0x64,0xe9,0xaa,0xf5,0x6e,
  0xd4,0x46,0xca,0x3d,0x2,0xcd,0xbc,0xac,0x13,0x1d,0x15,0xea,0x4f,0x1a,0x6f,0x46,
  0x94,0x39,0x2,0xe2,0x10,0x25,0x3c,0x70,0xaf,0xf2,0xa8,0x8c,0x24,0xe3,0xf7,0xc0,
  0x8d,0x6a,0xfd,0x99,0x21,0xc8,0x63,0xd2,0xe,0x83,0x39,0xd1,0xe6,0x39,0x82,0x9a,
  0x51,0xab,0x7,0xa8,0xa4,0xe6,0xcd,0x10,0x59,0x7a,0xd3,0x40,0x75,0x40,0xa4,0x62,
  0xd6,0xbe,0x48,0xf2,0xfe,0x33,0x47,0x36,0x5d,0x57,0x2d,0x8e,0x48,0xd3,0x42,0x75,
  0x65,0x91,0xb6,0xe8,0x4d,0x29,0xe9,0x4d,0xd8,0x4d,0x65,0x6c,0x1f,0x11,0x42,0x6e,
  0xf7,0x37,0xc9,0x4,0x94,0x7a,0x84,0x65,0x3c,0x4f,0xbd,0x85,0x10,0x71,0xfa,0xa8,
  0xde,0x21,0xe8,0xb,0x7e,0xa4,0x8a,0xd8,0x78,0xdc,0x19,0xd2,0xcb,0x53,0x65,0x94,
  0x4f,0x83,0xfa,0x48,0x66,0x98,0x7a,0x77,0x8a,0x6e,0x40,0xe4,0x5d,0x2f,0xa8,0xf5,
  0x5b,0xd5,0x3b,0xa3,0xd2,0x9b,0x50,0x6d,0x43,0xf4,0xbd,0x8f,0x56,0x64,0xb7,0x24,
  0xea,0x3f,0x27,0x1a,0x90,0x91,0xaa,0xde,0x84,0xfa,0x61,0x87,0xf8,0xc3,0xa9,0x88,
  0x8e,0xde,0x23,0xed,0xcc,0xae,0xdd,0x19,0x55,0xbd,0x29,0x63,0xf2,0x2f,0x3d,0x1d,
  0x66,0x9b,0xe8,0x87,0x9b,0x30,0xab,0x45,0xcd,0x2d,0xa9,0x64,0x75,0x9e,0xc3,0x67,
  0x3c,0x44,0x24,0xe6,0x30,0x67,0x87,0xa8,0xd5,0x59,0xb6,0x45,0x52,0xb6,0x3d,0xb2,
  0x4b,0x84,0xa9,0x54,0xa6,0x97,0x9,0xb2,0x53,0x9d,0x49,0xf8,0xd2,0xda,0x81,0xfb,
  0x10,0xc7,0x94,0xd0,0xa9,0x5c,0x6c,0x55,0x60,0xc5,0xac,0xe6,0x6c,0xc5,0x92,0xf6,
  0x24,0xc1,0x44,0x57,0x89,0x32,0x74,0x3b,0x4c,0x96,0x33,0x4,0xfb,0x88,0xd7,0xea,
  0x21,0x7b,0x88,0x9b,0x23,0xe8,0xf9,0x89,0x1b,0x55,0x24,0x37,0x45,0x64,0x66,0x2b,
  0x3,0xd5,0x11,0x29,0xd8,0x93,0x72,0xab,0x39,0x55,0xc2,0x23,0x52,0x25,0xac,0xd5,
  0x3,0x71,0x2f,0xa5,0x79,0x97,0x1a,0xf9,0x63,0xc5,0x9f,0x13,0x64,0x97,0x1a,0xeb,
  0xb4,0xb,0x53,0x64,0x93,0x9a,0x51,0xbb,0xe5,0xe5,0x62,0x82,0xec,0x52,0xaf,0x54,
  0x47,0x64,0x93,0x7a,0x93,0xf0,0x88,0x34,0x3d,0x9e,0xe1,0xe1,0xfd,0x85,0x16,0xce,
  0xd4,0x97,0x22,0x7d,0x2b,0x45,0x5c,0x22,0xca,0xda,0x13,0xad,0x8b,0xed,0x93,0xf6,
  0xbc,0xe6,0xcb,0xf8,0x5a,0xca,0x6f,0xf8,0xfb,0xbf,0x52,0x91,0x60,0x2e,0xbc,0xf2,
  0x95,0x49,0x5d,0x4,0x55,0xbe,0x58,0x5b,0xf4,0x59,0x4f,0xf9,0x46,0x4c,0x8a,0x67,
  0x5f,0x21,0xcd,0xf8,0xba,0xe7,0xf2,0x95,0xe1,0x69,0xd7,0x77,0xfd,0x4a,0x50,0x9f,
  0x69,0xb7,0x4f,0x94,0x6f,0xfb,0xe4,0x52,0xfa,0xca,0x77,0x70,0xfa,0xf0,0x7b,0xd0,
  0x97,0x64,0xe8,0x70,0xe9,0xeb,0xfa,0xca,0x9f,0xef,0xd7,0x17,0x85,0x60,0xee,0x5f,
  0x29,0x8,0xff,0xd7,0xbf,0x33,0xbe,0xdf,0xd2,0xb7,0xab,0x1c,0x84,0x7d,0xc,0x55,
  0x82,0xa5,0x92,0xaf,0x5b,0x23,0xc9,0x1e,0xe7,0x2a,0x96,0xc6,0xd7,0x86,0x9e,0xdb,
  0x57,0x6a,0x51,0x41,0xde,0x61,0x5a,0xe6,0x20,0x9b,0x95,0xd6,0xff,0xe2,0x35,0x3b,
  0x66,0x88,0x7c,0x19,0xbc,0x6e,0x2a,0x32,0xf3,0xcb,0x43,0x2d,0xa7,0xd0,0x23,0x98,
  0xfa,0x92,0x73,0x2b,0x95,0xc8,0x5,0xa4,0xed,0xe0,0xf2,0xcc,0x87,0x6e,0x31,0x41,
  0x3a,0x5e,0xd2,0xfd,0xe7,0x48,0x46,0xa5,0xd7,0xee,0xb3,0xc9,0x7c,0x44,0x2a,0x55,
  0xdd,0x54,0x30,0x63,0x87,0xbc,0xc8,0xb7,0x98,0x25,0xaf,0xdb,0x8b,0x44,0x20,0x64,
  0xa,0xe2,0x26,0x7e,0xa1,0xad,0x8,0x11,0x26,0x53,0x1b,0x4b,0x47,0xb6,0x3a,0xeb,
  0x4b,0x4d,0x89,0x73,0x24,0xeb,0x17,0xe4,0x40,0x10,0xf5,0x9,0x75,0x67,0x86,0xec,
  0x54,0xa4,0x4f,0x87,0xe2,0x43,0xd2,0xee,0x2d,0x67,0x32,0xb6,0x73,0x96,0x29,0x46,
  0xf7,0xbc,0x73,0xee,0xaa,0x4f,0x26,0x7d,0x9b,0xe9,0xe3,0x81,0x32,0xe6,0x5a,0xfa,
  0xde,0x78,0x20,0xf4,0x6c,0x8f,0x4a,0x4a,0xd8,0xfc,0x5d,0xd4,0x2d,0xc,0xa9,0x64,
  0x7d,0x98,0x21,0x59,0xca,0x9c,0xee,0x2a,0x2b,0xd5,0x11,0x69,0x54,0xeb,0x96,0x80,
  0xb9,0x55,0x31,0xef,0x55,0x27,0xf4,0x51,0x9b,0xcb,0x80,0xc8,0x57,0x93,0xf5,0xa6,
  0xcc,0xa9,0x71,0xcb,0xf0,0x59,0x8f,0x8c,0xf7,0xac,0xdb,0x6,0xe6,0x14,0xad,0xe0,
  0x99,0x55,0x4a,0x99,0x19,0x38,0x4f,0x91,0xa0,0xfb,0xe9,0xaf,0x95,0x4a,0x26,0x4,
  0x79,0x57,0xd3,0x1d,0x7c,0x47,0xb0,0x65,0xe8,0x3b,0xaf,0x52,0xc9,0x5c,0xbd,0xcb,
  0x18,0xc4,0x5b,0x69,0x8a,0xec,0xbc,0x58,0x63,0x73,0x82,0x74,0x36,0x6a,0x32,0x1f,
  0x91,0x46,0xa5,0x9a,0x5,0xd9,0x15,0xa4,0x33,0xa7,0xfa,0x6a,0x2c,0x58,0x94,0x57,
  0x6f,0xaa,0x18,0x64,0xab,0x98,0xaf,0xdf,0x4,0xc,0xe7,0xa2,0xbe,0xdf,0x8c,0xe7,
  0x12,0xac,0x40,0xbd,0x3f,0xa3,0x7c,0x27,0xee,0xa7,0x8,0x76,0xc6,0x1c,0x5a,0xf4,
  0x59,0xed,0x99,0x51,0x27,0xef,0x1a,0xb3,0x59,0x65,0xdd,0x11,0xcc,0x2e,0x6a,0xdf,
  0x8c,0xad,0x54,0xad,0x29,0xdf,0x48,0x8e,0x3a,0xe3,0x1e,0xf4,0xd6,0x1e,0xd9,0x78,
  0x61,0x7f,0xa8,0xfb,0xfa,0x8a,0x74,0x67,0x9a,0xcc,0x47,0xa4,0x8f,0xaf,0x24,0x53,
  0x59,0x52,0x89,0xb2,0xee,0x5b,0x72,0x3e,0x50,0x1a,0xf8,0x63,0x4e,0x1f,0x63,0x77,
  0x45,0x40,0xed,0xb9,0xea,0xa,0xf9,0xc3,0x48,0x25,0xaf,0x9a,0x61,0x86,0x74,0x54,
  0x41,0xdf,0x78,0xfa,0x33,0x98,0xa9,0x6c,0x9a,0x21,0x9d,0xcd,0x1a,0xd5,0x14,0xc9,
  0xf2,0x6a,0xbf,0xe5,0xef,0x6b,0xfd,0x33,0xcb,0xdf,0x87,0x9b,0xeb,0xc7,0xe5,0x8b,
  0x7c,0x47,0xb7,0x8e,0x17,0xf5,0xbb,0x4a,0xfd,0xf7,0xda,0x65,0xf2,0x69,0x79,0x7f,
  0x73,0xfb,0xee,0xfd,0xa3,0xb4,0xe5,0xaf,0xfe,0xc6,0xce,0xbc,0x31,0x82,0xf6,0x41,
  0x7e,0x93,0xe8,0xd8,0x3e,0x92,0x3e,0x99,0xca,0x63,0xb1,0xf7,0xb5,0x14,0xaf,0x48,
  0xc6,0x8a,0x60,0x5b,0x1,0xf,0x52,0xb8,0x3a,0x64,0xa4,0xaa,0xcf,0x61,0xd2,0xb1,
  0x69,0x61,0x8b,0x14,0x88,0xb9,0x9d,0x92,0x45,0xb0,0x47,0xda,0x19,0xc,0xa2,0xb9,
  0x15,0xfe,0x91,0xea,0x39,0xc5,0x4e,0x7e,0x43,0xea,0xa7,0xff,0x1,0x4e,0xcb,0x86,
  0xbc,
    // X:/QmlIVI/resources/Images/tacho/tacho_needle.svg
  0x0,0x0,0x0,0xd1,
  0x3c,
  0x3f,0x78,0x6d,0x6c,0x20,0x76,0x65,0x72,0x73,0x69,0x6f,0x6e,0x3d,0x22,0x31,0x2e,
  0x30,0x22,0x20,0x65,0x6e,0x63,0x6f,0x64,0x69,0x6e,0x67,0x3d,0x22,0x55,0x54,0x46,
  0x2d,0x38,0x22,0x3f,0x3e,0xa,0x3c,0x73,0x76,0x67,0x20,0x76,0x69,0x65,0x77,0x42,
  0x6f,0x78,0x3d,0x22,0x30,0x20,0x30,0x20,0x34,0x30,0x30,0x20,0x34,0x30,0x30,0x22,
  0x20,0x78,0x6d,0x6c,0x6e,0x73,0x3d,0x22,0x68,0x74,0x74,0x70,0x3a,0x2f,0x2f,0x77,
  0x77,0x77,0x2e,0x77,0x33,0x2e,0x6f,0x72,0x67,0x2f,0x32,0x30,0x30,0x30,0x2f,0x73,
  0x76,0x67,0x22,0x3e,0xa,0x3c,0x70,0x61,0x74,0x68,0x20,0x64,0x3d,0x22,0x4d,0x20,
  0x32,0x30,0x30,0x2c,0x33,0x30,0x20,0x4c,0x20,0x32,0x30,0x34,0x2e,0x38,0x2c,0x32,
  0x30,0x30,0x20,0x4c,0x20,0x32,0x30,0x33,0x2e,0x32,0x2c,0x32,0x32,0x31,0x2e,0x35,
  0x20,0x4c,0x20,0x32,0x30,0x30,0x2c,0x32,0x32,0x37,0x20,0x4c,0x20,0x31,0x39,0x36,
  0x2e,0x38,0x2c,0x32,0x32,0x31,0x2e,0x35,0x20,0x4c,0x20,0x31,0x39,0x35,0x2e,0x32,
  0x2c,0x32,0x30,0x30,0x20,0x5a,0x22,0x20,0x66,0x69,0x6c,0x6c,0x3d,0x22,0x23,0x46,
  0x46,0x33,0x42,0x33,0x30,0x22,0x20,0x2f,0x3e,0xa,0x3c,0x2f,0x73,0x76,0x67,0x3e,
  
  
};

static const unsigned char qt_resource_name[] = {
  // Images
  0x0,0x6,
  0x5,0x3,0x7d,0xc3,
  0x0,0x49,
  0x0,0x6d,0x0,0x61,0x0,0x67,0x0,0x65,0x0,0x73,
    // qml
  0x0,0x3,
  0x0,0x0,0x78,0x3c,
  0x0,0x71,
  0x0,0x6d,0x0,0x6c,
    // components
  0x0,0xa,
  0x7,0x6a,0x9,0x33,
  0x0,0x63,
  0x0,0x6f,0x0,0x6d,0x0,0x70,0x0,0x6f,0x0,0x6e,0x0,0x65,0x0,0x6e,0x0,0x74,0x0,0x73,
    // main.qml
  0x0,0x8,
  0x8,0x1,0x5a,0x5c,
  0x0,0x6d,
  0x0,0x61,0x0,0x69,0x0,0x6e,0x0,0x2e,0x0,0x71,0x0,0x6d,0x0,0x6c,
    // TempGauge.qml
  0x0,0xd,
  0xe,0x60,0xce,0x5c,
  0x0,0x54,
  0x0,0x65,0x0,0x6d,0x0,0x70,0x0,0x47,0x0,0x61,0x0,0x75,0x0,0x67,0x0,0x65,0x0,0x2e,0x0,0x71,0x0,0x6d,0x0,0x6c,
    // CustomImage.qml
  0x0,0xf,
  0x2,0xbd,0x4f,0x7c,
  0x0,0x43,
  0x0,0x75,0x0,0x73,0x0,0x74,0x0,0x6f,0x0,0x6d,0x0,0x49,0x0,0x6d,0x0,0x61,0x0,0x67,0x0,0x65,0x0,0x2e,0x0,0x71,0x0,0x6d,0x0,0x6c,
    // FuelGauge.qml
  0x0,0xd,
  0x0,0xb0,0x4e,0x1c,
  0x0,0x46,
  0x0,0x75,0x0,0x65,0x0,0x6c,0x0,0x47,0x0,0x61,0x0,0x75,0x0,0x67,0x0,0x65,0x0,0x2e,0x0,0x71,0x0,0x6d,0x0,0x6c,
    // Speedometer.qml
  0x0,0xf,
  0xd,0xbd,0x7a,0x1c,
  0x0,0x53,
  0x0,0x70,0x0,0x65,0x0,0x65,0x0,0x64,0x0,0x6f,0x0,0x6d,0x0,0x65,0x0,0x74,0x0,0x65,0x0,0x72,0x0,0x2e,0x0,0x71,0x0,0x6d,0x0,0x6c,
    // Tachometer.qml
  0x0,0xe,
  0x5,0xfb,0x89,0x3c,
  0x0,0x54,
  0x0,0x61,0x0,0x63,0x0,0x68,0x0,0x6f,0x0,0x6d,0x0,0x65,0x0,0x74,0x0,0x65,0x0,0x72,0x0,0x2e,0x0,0x71,0x0,0x6d,0x0,0x6c,
    // tacho
  0x0,0x5,
  0x0,0x7a,0x79,0xef,
  0x0,0x74,
  0x0,0x61,0x0,0x63,0x0,0x68,0x0,0x6f,
    // fuel
  0x0,0x4,
  0x0,0x6,0xdb,0xbc,
  0x0,0x66,
  0x0,0x75,0x0,0x65,0x0,0x6c,
    // temp
  0x0,0x4,
  0x0,0x7,0xac,0x40,
  0x0,0x74,
  0x0,0x65,0x0,0x6d,0x0,0x70,
    // speedo
  0x0,0x6,
  0x7,0xa6,0xbb,0xaf,
  0x0,0x73,
  0x0,0x70,0x0,0x65,0x0,0x65,0x0,0x64,0x0,0x6f,
    // speedo_face.svg
  0x0,0xf,
  0x0,0xe3,0x18,0xe7,
  0x0,0x73,
  0x0,0x70,0x0,0x65,0x0,0x65,0x0,0x64,0x0,0x6f,0x0,0x5f,0x0,0x66,0x0,0x61,0x0,0x63,0x0,0x65,0x0,0x2e,0x0,0x73,0x0,0x76,0x0,0x67,
    // speedo_needle.svg
  0x0,0x11,
  0xc,0x65,0x63,0x47,
  0x0,0x73,
  0x0,0x70,0x0,0x65,0x0,0x65,0x0,0x64,0x0,0x6f,0x0,0x5f,0x0,0x6e,0x0,0x65,0x0,0x65,0x0,0x64,0x0,0x6c,0x0,0x65,0x0,0x2e,0x0,0x73,0x0,0x76,0x0,0x67,
  
    // speedo_case.svg
  0x0,0xf,
  0xf,0xe3,0x18,0x47,
  0x0,0x73,
  0x0,0x70,0x0,0x65,0x0,0x65,0x0,0x64,0x0,0x6f,0x0,0x5f,0x0,0x63,0x0,0x61,0x0,0x73,0x0,0x65,0x0,0x2e,0x0,0x73,0x0,0x76,0x0,0x67,
    // temp_face.svg
  0x0,0xd,
  0x2,0x20,0x90,0xa7,
  0x0,0x74,
  0x0,0x65,0x0,0x6d,0x0,0x70,0x0,0x5f,0x0,0x66,0x0,0x61,0x0,0x63,0x0,0x65,0x0,0x2e,0x0,0x73,0x0,0x76,0x0,0x67,
    // temp_needle.svg
  0x0,0xf,
  0x3,0xed,0x26,0xa7,
  0x0,0x74,
  0x0,0x65,0x0,0x6d,0x0,0x70,0x0,0x5f,0x0,0x6e,0x0,0x65,0x0,0x65,0x0,0x64,0x0,0x6c,0x0,0x65,0x0,0x2e,0x0,0x73,0x0,0x76,0x0,0x67,
    // temp_case.svg
  0x0,0xd,
  0xd,0x20,0x90,0x7,
  0x0,0x74,
  0x0,0x65,0x0,0x6d,0x0,0x70,0x0,0x5f,0x0,0x63,0x0,0x61,0x0,0x73,0x0,0x65,0x0,0x2e,0x0,0x73,0x0,0x76,0x0,0x67,
    // fuel_face.svg
  0x0,0xd,
  0xc,0xf0,0x10,0xe7,
  0x0,0x66,
  0x0,0x75,0x0,0x65,0x0,0x6c,0x0,0x5f,0x0,0x66,0x0,0x61,0x0,0x63,0x0,0x65,0x0,0x2e,0x0,0x73,0x0,0x76,0x0,0x67,
    // fuel_case.svg
  0x0,0xd,
  0x3,0xf0,0x10,0x47,
  0x0,0x66,
  0x0,0x75,0x0,0x65,0x0,0x6c,0x0,0x5f,0x0,0x63,0x0,0x61,0x0,0x73,0x0,0x65,0x0,0x2e,0x0,0x73,0x0,0x76,0x0,0x67,
    // fuel_needle.svg
  0x0,0xf,
  0x3,0x6d,0x7b,0x47,
  0x0,0x66,
  0x0,0x75,0x0,0x65,0x0,0x6c,0x0,0x5f,0x0,0x6e,0x0,0x65,0x0,0x65,0x0,0x64,0x0,0x6c,0x0,0x65,0x0,0x2e,0x0,0x73,0x0,0x76,0x0,0x67,
    // tacho_face.svg
  0x0,0xe,
  0x8,0xaa,0xef,0xc7,
  0x0,0x74,
  0x0,0x61,0x0,0x63,0x0,0x68,0x0,0x6f,0x0,0x5f,0x0,0x66,0x0,0x61,0x0,0x63,0x0,0x65,0x0,0x2e,0x0,0x73,0x0,0x76,0x0,0x67,
    // tacho_needle.svg
  0x0,0x10,
  0x5,0x9e,0x53,0xc7,
  0x0,0x74,
  0x0,0x61,0x0,0x63,0x0,0x68,0x0,0x6f,0x0,0x5f,0x0,0x6e,0x0,0x65,0x0,0x65,0x0,0x64,0x0,0x6c,0x0,0x65,0x0,0x2e,0x0,0x73,0x0,0x76,0x0,0x67,
  
};

static const unsigned char qt_resource_struct[] = {
  // :
  0x0,0x0,0x0,0x0,0x0,0x2,0x0,0x0,0x0,0x2,0x0,0x0,0x0,0x1,
0x0,0x0,0x0,0x0,0x0,0x0,0x0,0x0,
  // :/qml
  0x0,0x0,0x0,0x12,0x0,0x2,0x0,0x0,0x0,0x2,0x0,0x0,0x0,0x12,
0x0,0x0,0x0,0x0,0x0,0x0,0x0,0x0,
  // :/Images
  0x0,0x0,0x0,0x0,0x0,0x2,0x0,0x0,0x0,0x4,0x0,0x0,0x0,0x3,
0x0,0x0,0x0,0x0,0x0,0x0,0x0,0x0,
  // :/Images/fuel
  0x0,0x0,0x1,0x8,0x0,0x2,0x0,0x0,0x0,0x3,0x0,0x0,0x0,0xf,
0x0,0x0,0x0,0x0,0x0,0x0,0x0,0x0,
  // :/Images/temp
  0x0,0x0,0x1,0x16,0x0,0x2,0x0,0x0,0x0,0x3,0x0,0x0,0x0,0xc,
0x0,0x0,0x0,0x0,0x0,0x0,0x0,0x0,
  // :/Images/tacho
  0x0,0x0,0x0,0xf8,0x0,0x2,0x0,0x0,0x0,0x2,0x0,0x0,0x0,0xa,
0x0,0x0,0x0,0x0,0x0,0x0,0x0,0x0,
  // :/Images/speedo
  0x0,0x0,0x1,0x24,0x0,0x2,0x0,0x0,0x0,0x3,0x0,0x0,0x0,0x7,
0x0,0x0,0x0,0x0,0x0,0x0,0x0,0x0,
  // :/Images/speedo/speedo_face.svg
  0x0,0x0,0x1,0x36,0x0,0x1,0x0,0x0,0x0,0x1,0x0,0x0,0xe,0xa5,
0x0,0x0,0x1,0x9f,0xc6,0x9,0xe5,0xa,
  // :/Images/speedo/speedo_needle.svg
  0x0,0x0,0x1,0x5a,0x0,0x0,0x0,0x0,0x0,0x1,0x0,0x0,0x2c,0x49,
0x0,0x0,0x1,0x9f,0xc6,0xc,0x3b,0xd4,
  // :/Images/speedo/speedo_case.svg
  0x0,0x0,0x1,0x82,0x0,0x0,0x0,0x0,0x0,0x1,0x0,0x0,0x2d,0x1e,
0x0,0x0,0x1,0x9f,0xc6,0xf,0xf2,0x42,
  // :/Images/tacho/tacho_needle.svg
  0x0,0x0,0x2,0x90,0x0,0x0,0x0,0x0,0x0,0x1,0x0,0x0,0x5a,0x6d,
0x0,0x0,0x1,0x9f,0xc6,0xc,0x3b,0xd4,
  // :/Images/tacho/tacho_face.svg
  0x0,0x0,0x2,0x6e,0x0,0x1,0x0,0x0,0x0,0x1,0x0,0x0,0x50,0x57,
0x0,0x0,0x1,0x9f,0xc6,0x2b,0x7b,0x1,
  // :/Images/temp/temp_face.svg
  0x0,0x0,0x1,0xa6,0x0,0x0,0x0,0x0,0x0,0x1,0x0,0x0,0x2f,0x13,
0x0,0x0,0x1,0x9f,0xc6,0x5c,0x39,0xc7,
  // :/Images/temp/temp_needle.svg
  0x0,0x0,0x1,0xc6,0x0,0x0,0x0,0x0,0x0,0x1,0x0,0x0,0x43,0xbb,
0x0,0x0,0x1,0x9f,0xc6,0x5c,0x5c,0x69,
  // :/Images/temp/temp_case.svg
  0x0,0x0,0x1,0xea,0x0,0x0,0x0,0x0,0x0,0x1,0x0,0x0,0x44,0x90,
0x0,0x0,0x1,0x9f,0xc6,0x5c,0x7e,0x8,
  // :/Images/fuel/fuel_needle.svg
  0x0,0x0,0x2,0x4a,0x0,0x0,0x0,0x0,0x0,0x1,0x0,0x0,0x4f,0x82,
0x0,0x0,0x1,0x9f,0xc6,0x41,0x5b,0xf,
  // :/Images/fuel/fuel_case.svg
  0x0,0x0,0x2,0x2a,0x0,0x0,0x0,0x0,0x0,0x1,0x0,0x0,0x4d,0x87,
0x0,0x0,0x1,0x9f,0xc6,0x41,0x83,0x10,
  // :/Images/fuel/fuel_face.svg
  0x0,0x0,0x2,0xa,0x0,0x0,0x0,0x0,0x0,0x1,0x0,0x0,0x46,0x93,
0x0,0x0,0x1,0x9f,0xc6,0x41,0x30,0x8c,
  // :/qml/components
  0x0,0x0,0x0,0x1e,0x0,0x2,0x0,0x0,0x0,0x5,0x0,0x0,0x0,0x14,
0x0,0x0,0x0,0x0,0x0,0x0,0x0,0x0,
  // :/qml/main.qml
  0x0,0x0,0x0,0x38,0x0,0x1,0x0,0x0,0x0,0x1,0x0,0x0,0x0,0x0,
0x0,0x0,0x1,0x9f,0xc6,0x59,0xbe,0x80,
  // :/qml/components/FuelGauge.qml
  0x0,0x0,0x0,0x92,0x0,0x0,0x0,0x0,0x0,0x1,0x0,0x0,0x5,0xeb,
0x0,0x0,0x1,0x9f,0xc6,0x40,0x10,0x4a,
  // :/qml/components/CustomImage.qml
  0x0,0x0,0x0,0x6e,0x0,0x0,0x0,0x0,0x0,0x1,0x0,0x0,0x5,0x18,
0x0,0x0,0x1,0x9f,0xc5,0xef,0xfa,0x42,
  // :/qml/components/Tachometer.qml
  0x0,0x0,0x0,0xd6,0x0,0x0,0x0,0x0,0x0,0x1,0x0,0x0,0xb,0xc1,
0x0,0x0,0x1,0x9f,0xc6,0x28,0x5,0x7f,
  // :/qml/components/Speedometer.qml
  0x0,0x0,0x0,0xb2,0x0,0x0,0x0,0x0,0x0,0x1,0x0,0x0,0x8,0xd5,
0x0,0x0,0x1,0x9f,0xc6,0x12,0xfd,0x56,
  // :/qml/components/TempGauge.qml
  0x0,0x0,0x0,0x4e,0x0,0x0,0x0,0x0,0x0,0x1,0x0,0x0,0x2,0x1e,
0x0,0x0,0x1,0x9f,0xc6,0x59,0x4,0x14,

};

#ifdef QT_NAMESPACE
#  define QT_RCC_PREPEND_NAMESPACE(name) ::QT_NAMESPACE::name
#  define QT_RCC_MANGLE_NAMESPACE0(x) x
#  define QT_RCC_MANGLE_NAMESPACE1(a, b) a##_##b
#  define QT_RCC_MANGLE_NAMESPACE2(a, b) QT_RCC_MANGLE_NAMESPACE1(a,b)
#  define QT_RCC_MANGLE_NAMESPACE(name) QT_RCC_MANGLE_NAMESPACE2( \
        QT_RCC_MANGLE_NAMESPACE0(name), QT_RCC_MANGLE_NAMESPACE0(QT_NAMESPACE))
#else
#   define QT_RCC_PREPEND_NAMESPACE(name) name
#   define QT_RCC_MANGLE_NAMESPACE(name) name
#endif

#ifdef QT_NAMESPACE
namespace QT_NAMESPACE {
#endif

bool qRegisterResourceData(int, const unsigned char *, const unsigned char *, const unsigned char *);
bool qUnregisterResourceData(int, const unsigned char *, const unsigned char *, const unsigned char *);

#if defined(__ELF__) || defined(__APPLE__)
static inline unsigned char qResourceFeatureZlib()
{
    extern const unsigned char qt_resourceFeatureZlib;
    return qt_resourceFeatureZlib;
}
#else
unsigned char qResourceFeatureZlib();
#endif

#ifdef QT_NAMESPACE
}
#endif

int QT_RCC_MANGLE_NAMESPACE(qInitResources_resources)();
int QT_RCC_MANGLE_NAMESPACE(qInitResources_resources)()
{
    int version = 3;
    QT_RCC_PREPEND_NAMESPACE(qRegisterResourceData)
        (version, qt_resource_struct, qt_resource_name, qt_resource_data);
    return 1;
}

int QT_RCC_MANGLE_NAMESPACE(qCleanupResources_resources)();
int QT_RCC_MANGLE_NAMESPACE(qCleanupResources_resources)()
{
    int version = 3;
    version += QT_RCC_PREPEND_NAMESPACE(qResourceFeatureZlib());
    QT_RCC_PREPEND_NAMESPACE(qUnregisterResourceData)
       (version, qt_resource_struct, qt_resource_name, qt_resource_data);
    return 1;
}

namespace {
   struct initializer {
       initializer() { QT_RCC_MANGLE_NAMESPACE(qInitResources_resources)(); }
       ~initializer() { QT_RCC_MANGLE_NAMESPACE(qCleanupResources_resources)(); }
   } dummy;
}
